-- Adminer 3.5.1 MySQL dump

SET NAMES utf8;
SET foreign_key_checks = 0;
SET time_zone = 'SYSTEM';
SET sql_mode = 'NO_AUTO_VALUE_ON_ZERO';

INSERT INTO `bodove_tabulky` (`id`, `platnost_od`, `platnost_do`, `pocet_bodovanych_pozic`) VALUES
(1,	'0000-00-00',	NULL,	15),
(2,	'0000-00-00',	NULL,	20),
(3,	'0000-00-00',	NULL,	10);

INSERT INTO `body` (`id`, `id_bodove_tabulky`, `body`, `poradi`) VALUES
(1,	1,	15,	1),
(2,	1,	14,	2),
(3,	1,	13,	3),
(4,	1,	12,	4),
(5,	1,	11,	5),
(6,	1,	10,	6),
(7,	1,	9,	7),
(8,	1,	8,	8),
(9,	1,	7,	9),
(10,	1,	6,	10),
(11,	1,	5,	11),
(12,	1,	4,	12),
(13,	1,	3,	13),
(14,	1,	2,	14),
(15,	1,	1,	15),
(21,	2,	20,	1),
(22,	2,	19,	2),
(23,	2,	18,	3),
(24,	2,	17,	4),
(25,	2,	16,	5),
(26,	2,	15,	6),
(27,	2,	14,	7),
(28,	2,	13,	8),
(29,	2,	12,	9),
(30,	2,	11,	10),
(31,	2,	10,	11),
(32,	2,	9,	12),
(33,	2,	8,	13),
(34,	2,	7,	14),
(35,	2,	6,	15),
(36,	2,	5,	16),
(37,	2,	4,	17),
(38,	2,	3,	18),
(39,	2,	2,	19),
(40,	2,	1,	20),
(41,	3,	10,	1),
(42,	3,	9,	2),
(43,	3,	8,	3),
(44,	3,	7,	4),
(45,	3,	6,	5),
(46,	3,	5,	6),
(47,	3,	4,	7),
(48,	3,	3,	8),
(49,	3,	2,	9),
(50,	3,	1,	10);

INSERT INTO `druzstva` (`id`, `id_sboru`, `id_kategorie`, `poddruzstvo`, `uri`, `stare_id`) VALUES
(1,	7,	1,	'',	'sdh-predonin-muzi',	0),
(2,	8,	1,	'',	'sdh-nove-dvory-muzi',	0),
(3,	9,	1,	'',	'sdh-hrobce-muzi',	0),
(4,	8,	1,	'B',	'sdh-nove-dvory-muzi-b',	0),
(5,	10,	1,	'',	'sdh-zemechy-muzi',	0),
(6,	6,	1,	'',	'sdh-bechlin-muzi',	0),
(7,	11,	1,	'',	'sdh-dremcice-muzi',	0),
(8,	12,	1,	'',	'sdh-stremy-muzi',	0),
(9,	7,	1,	'B',	'sdh-predonin-muzi-b',	0),
(10,	13,	1,	'',	'sdh-sulejovice-muzi',	0),
(11,	14,	1,	'',	'sdh-kmetineves-muzi',	0),
(12,	15,	1,	'',	'sdh-brozany-muzi',	0),
(13,	16,	1,	'',	'sdh-cernoucek-muzi',	0),
(14,	17,	1,	'',	'sdh-melnik-blata-muzi',	0),
(15,	18,	1,	'',	'sdh-kostomlaty-pod-ripem-muzi',	0),
(16,	19,	1,	'',	'sdh-tuhan-muzi',	0),
(17,	8,	2,	'',	'sdh-nove-dvory-zeny',	0),
(18,	19,	2,	'',	'sdh-tuhan-zeny',	0),
(19,	7,	2,	'',	'sdh-predonin-zeny',	0),
(20,	17,	2,	'',	'sdh-melnik-blata-zeny',	0),
(24,	11,	2,	'',	'sdh-dremcice-zeny',	0),
(25,	13,	2,	'',	'sdh-sulejovice-zeny',	0),
(26,	6,	2,	'',	'sdh-bechlin-zeny',	0),
(27,	23,	1,	'',	'sdh-cernuc-muzi',	0),
(28,	24,	1,	'',	'sdh-bohusovice-n-o-muzi',	0),
(29,	5,	1,	'',	'sdh-steti-muzi',	0),
(30,	15,	1,	'B',	'sdh-brozany-muzi-b',	0),
(31,	25,	1,	'',	'sdh-chudoslavice-muzi',	0),
(32,	24,	2,	'',	'sdh-bohusovice-n-o-zeny',	0),
(33,	5,	2,	'',	'sdh-steti-zeny',	0),
(34,	25,	2,	'',	'sdh-chudoslavice-zeny',	0),
(35,	26,	1,	'',	'sdh-cizkovice-muzi',	0),
(36,	9,	2,	'',	'sdh-hrobce-zeny',	0),
(37,	26,	2,	'',	'sdh-cizkovice-zeny',	0),
(38,	6,	2,	'B',	'sdh-bechlin-zeny-b',	0),
(39,	27,	1,	'',	'sdh-kikinky-muzi',	0),
(40,	8,	2,	'B',	'sdh-nove-dvory-zeny-b',	0),
(41,	16,	2,	'',	'sdh-cernoucek-zeny',	0),
(42,	20,	1,	'',	'sdh-lukavec-muzi',	0),
(43,	20,	2,	'',	'sdh-lukavec-zeny',	0),
(44,	23,	1,	'B',	'sdh-cernuc-muzi-b',	0),
(45,	31,	1,	'',	'',	0),
(46,	9,	1,	'B',	'',	0),
(47,	33,	2,	'',	'',	0),
(48,	8,	2,	'Kikinky',	'',	0),
(49,	33,	2,	'B',	'',	0),
(52,	37,	1,	'',	'',	0),
(53,	40,	1,	'',	'',	0),
(57,	44,	1,	'',	'',	0),
(58,	45,	1,	'',	'',	0),
(59,	4,	2,	'',	'',	0),
(60,	46,	2,	'',	'',	0),
(62,	47,	2,	'',	'',	0),
(63,	51,	1,	'',	'',	0),
(64,	52,	1,	'',	'',	0),
(65,	4,	1,	'',	'',	0),
(66,	14,	2,	'',	'',	0),
(67,	54,	1,	'',	'',	0),
(68,	30,	1,	'',	'',	0),
(70,	54,	2,	'',	'',	0),
(71,	58,	1,	'',	'',	0),
(73,	58,	2,	'',	'',	0),
(74,	60,	1,	'',	'',	0),
(75,	44,	2,	'',	'',	0),
(76,	33,	1,	'',	'',	0),
(77,	15,	2,	'',	'',	0);

INSERT INTO `funkce_rady` (`id`, `nazev`, `poradi`) VALUES
(1,	'předseda',	1),
(2,	'správce stránek',	2);

INSERT INTO `kategorie` (`id`, `nazev`, `pocet_startovnich_mist`, `poradi`) VALUES
(1,	'muži',	25,	1),
(2,	'ženy',	20,	2);

INSERT INTO `kategorie_souteze` (`id`, `id_souteze`, `id_kategorie`, `id_bodove_tabulky`) VALUES
(2,	1,	2,	3),
(3,	2,	1,	1),
(4,	2,	2,	3),
(5,	3,	1,	1),
(10,	1,	1,	1);

INSERT INTO `mista` (`id`, `obec`, `id_okresu`) VALUES
(2,	'Bechlín',	1),
(19,	'Bohušovice n/O',	1),
(12,	'Brozany',	1),
(26,	'Ctiněves',	1),
(13,	'Černouček',	1),
(18,	'Černuc',	4),
(23,	'Čížkovice',	1),
(32,	'Děčany',	1),
(33,	'Děčín',	6),
(8,	'Dřemčice',	1),
(27,	'Duchcov',	5),
(6,	'Hrobce',	1),
(31,	'Chotiněves',	1),
(37,	'Chrášťany',	1),
(22,	'Chudoslavice',	1),
(21,	'Chudoslavice',	4),
(24,	'Kikinky',	1),
(11,	'Kmětiněves',	4),
(15,	'Kostomlaty pod Řípem',	1),
(1,	'Křešice',	1),
(17,	'Lukavec',	1),
(14,	'Mělník - Blata',	3),
(5,	'Nové Dvory',	1),
(43,	'Oleško',	1),
(4,	'Předonín',	1),
(41,	'Přestavlky',	1),
(45,	'Radešín',	1),
(39,	'Slavětin',	2),
(9,	'Střemy',	3),
(10,	'Sulejovice',	1),
(3,	'Štětí',	1),
(30,	'Štrbice',	5),
(29,	'Trávčice',	1),
(16,	'Tuhaň',	3),
(34,	'Unčín',	5),
(7,	'Zeměchy',	2);

INSERT INTO `okresy` (`id`, `nazev`, `zkratka`, `stare_id`) VALUES
(1,	'Litoměřice',	'LT',	0),
(2,	'Louny',	'LN',	0),
(3,	'Mělník',	'ME',	0),
(4,	'Kladno',	'KN',	0),
(5,	'Teplice',	'TP',	0),
(6,	'Děčín',	'DC',	0);

INSERT INTO `poradatele` (`id`, `id_sboru`, `id_zavodu`) VALUES
(1,	5,	2),
(2,	5,	11),
(3,	6,	1),
(4,	6,	7),
(5,	7,	6),
(6,	7,	20),
(7,	8,	4),
(8,	8,	17),
(9,	9,	12),
(10,	11,	14),
(11,	13,	3),
(12,	13,	13),
(13,	15,	19),
(32,	16,	15),
(14,	20,	5),
(15,	20,	18),
(16,	23,	16),
(17,	30,	15);

INSERT INTO `pravidla` (`id`, `pravidla`, `id_rocniku`) VALUES
(1,	'I. Nejvyšší orgán Podřipské hasičské ligy v PÚ\r\n==============================================\r\nRada Podřipské hasičské ligy je nejvyšším orgánem na soutěži.\r\n\r\nII. Účast\r\n=========\r\nSoutěže se mohou zúčastnit všechna hasičská družstva z celé ČR i ze zahraničí na základě  přihlášky k jednotlivým soutěžím v kategoriích muži a ženy.\r\n\r\nZa přihlášku k soutěži se považuje zaplacení startovného. \r\n\r\nIII. Rozsah soutěže\r\n===================\r\nSoutěže se zúčastní družstva, která se prezentují nejpozději 15 min. před nástupem družstev na začátku soutěže. Pouze ve výjimečných případech (např. porucha vozidla při dopravě na soutěž) povoluje start pořadatel soutěže. V tomto případě je nutné kontaktovat zástupce daného pořadatele v radě přes mobilní telefon.\r\n\r\nVšechny závody PHL začínají jednotně od 10 hodin.\r\nStartovné bude uhrazeno družstvy při prezentaci. Výše startovného za jedno družstvo je 150 Kč. Přihlásit se a vybrat startovní pořadí bude možné také na stránkách http://www.podripskaliga.cz\r\n\r\nIV. Způsob provedení požárního útoku\r\n====================================\r\nPodle platných směrnic hasičských soutěží (upravených dle pravidel PS z 12. 10. 2007) a pravidel – výjimek platných pro Podřipskou hasičskou ligu (uvedených v článku V. Technické podmínky) na sklopné a nástřikové terče.\r\n\r\nNa soutěžní dráhu je povolen vstup pouze soutěžnímu družstvu při pokusu a technické četě.\r\n\r\nNa soutěžní dráhu je družstvům zakázáno umísťovat jakékoliv značky, mimo značek umístěných pořadatelem.\r\n\r\nDružstvo smí při provádění požárního útoku použít vlastní přetlakový ventil schváleného typu. Pokud družstvo provede požární útok bez přetlakového ventilu, tak pořadatel ne nese žádnou odpovědnost za zdraví soutěžících.\r\n\r\nKoš musí být našroubován na savici před ponořením do vody a musí být našroubován i po vytažení z vodního zdroje. Pokus je platný i tehdy spadl-li koš do vodního zdroje nebo mimo něj a byl následně našroubován na savici před ponořením do vody.\r\nSavice musí být řádně sešroubovány dohromady a našroubovány na stroji do ukončení požárního útoku. \r\n\r\nV. Technické podmínky\r\n=====================\r\nÚtočné vedení - výjimky ze směrnic hasičských soutěží:\r\n- popis překážek a nářadí\r\n	- hadice \"B75\" minimální plošná šíře 113 mm\r\n	- hadice \"C52\" minimální plošná šíře 79 mm\r\n	- délka hadic minimálně 19 m\r\n	- proudnice průměr výstřikové hubice 12,5 – 13 mm \r\n	- sací koš 110 mm – rozměry ok maximálně 10x10 mm\r\n	- kontrola délky hadic po ukončení požárního útoku, změřením minimálně jedné libovolné hadice u každého soutěžního družstva určené rozhodčím\r\n	- v případě použití hákových klíčů nesmí být tyto nijak upraveny\r\n\r\n- stroj\r\n	- přenosná motorová stříkačka s funkčními klouby a klapkou, která vychází ze schváleného typu \r\n	- ovládání plynu mechanické na směšovacím zařízení, nebo na místě vyrobeném výrobcem          \r\n	- výfukové potrubí musí procházet vývěvou  \r\n	\r\n-doba na přípravu a provedení pokusu \r\n        - doba přípravy 5 minut, provedení pokusu do 2 min\r\n\r\n- provedení disciplín \r\n	- 1 požární útok = družstvo soutěží na vlastní stroj \r\n          2 požární útok = družstvo soutěží na jednotný stroj PPS 12 a na 2 \"B\" (pořadatel pokud možno použije svou nebo podle domluvy a potřeby dodají SDH Nové Dvory)   \r\n	- každá tato kategorie se hodnotí zvlášť podle bodování PHL  \r\n	- motorová stříkačka může být v době startu v chodu (může se nastartovat v průběhu času pro přípravu základny)         \r\n	- mezi zuby půlspojek musí projít  volně vložený zalaminátový list papíru   \r\n	- čára v době výstřiku vody je nedotknutelná (čáry a prostoru za ní se nesmí nic dotýkat)\r\n	- podložka pod savice se může používat pouze hladká, rovná bez výřezů o max. tloušťce 10 mm         \r\n\r\n- neplatnost pokusu\r\n	- proudnice se nesmí dotýkat čáry nástřiku a smí být opřena o zem\r\n\r\nVýstroj soutěžících a družstva je jednotná (pracovní, nebo sportovní, kalhoty ke kotníkům), s možností krátkého rukávu trika (trika v kalhotách).\r\n\r\nMusí být jednotný dres pro družstvo, včetně barevného provedení.\r\n\r\nObuv pracovní nebo sportovní, nejsou povoleny kopačky – tretry jsou povoleny (délka hřebů max.6mm).\r\n\r\nOpasek a ochranná přilba odpovídající pravidlům PS.\r\n\r\nVI. Jiná ustanovení\r\n===================\r\nSoutěžící smí na jedné soutěži startovat pouze ve dvou družstvech (vlastní + 1x cizí). To se týká i žen, které startují v mužské kategorii.\r\n\r\nDružstvo  může  mít  zapůjčeného  pouze  jednoho závodníka, který tento pokus absolvuje  v dresu svého družstva.\r\nV případě porušení tohoto ustanovení budou potrestána všechna družstva, za která soutěžící startoval neplatným pokusem!\r\n\r\nDružstvo které má zapůjčeného člena musí mít razítko od rozhodčího, které mu bude dáno před soutěží.\r\n\r\nV případě že nebude mít razítko, nebude družstvo připuštěno na start a bude mít neplatný pokus.\r\n\r\nV mužské družstvu mohou i startovat ženy (smíšené družstvo).  \r\n\r\nNa nástupu před soutěží a po soutěži musí být každé zúčastněné družstvo nastoupeno v minimálním počtu 4 osob řádně ustrojených (soutěžní dres, stejnokroj atd.). Vztahuje se jen na horní část oblečení. Při nedodržení tohoto pravidla bez omluvy budou dotčenému družstvu odebrány všechny body získané v soutěži. Kontrolou pravidla se pověřují rozhodčí na základně.\r\nAkceptování tohoto pravidla, včetně ukázněnosti na nástupech, by mělo zvýšit celkovou úroveň I. ročníku \"Podřipské hasičské ligy\" a renomé těchto závodů v očích divácké veřejnosti.\r\n\r\nVII. Měření času\r\n================\r\nČas požárního útoku bude měřen elektronickou časomírou na dvě desetinná místa.\r\n\r\nTerče musí být konstruovány tak, aby byly vybaveny viditelnou signalizací ukončení pokusu (světelně, mechanicky nebo kombinace obou způsobů).\r\n\r\nPři selhání časomíry (časomíra se nezastaví) družstvo opakuje svůj pokus. K opakování pokusu nastupuje družstvo po dohodě s pořadatelem.\r\n\r\nPři selhání časomíry delším než jedna hodina, rozhodne hlavní rozhodčí společně s radou Podřipské hasičské ligy o dalším průběhu soutěže.\r\n\r\nVIII. Příprava základny\r\n=======================\r\nZačíná uvolněním základny = odstranění soutěžního stroje ze základny a povelem \"Na základnu\".\r\n\r\nPřed provedením požárního útoku předloží družstvo soutěžní nářadí k přejímce na PŘÍPRAVNÉ ZÁKLADNĚ. Bez provedené přejímky materiálu nebude družstvu umožněn start. Stanovený rozhodčí ve vyhrazeném prostoru provede kontrolu tohoto materiálu.\r\n\r\nPřipravenost základny při startu osvědčí rozhodčí zvednutím praporku, od tohoto momentu je zakázáno provádět úpravy na základně bez svolení rozhodčího. Svolení (do časového limitu) se vyžaduje zvednutím ruky ve směru k rozhodčímu základny. Bylo-li družstvo po odchodu od základny již vyzváno rozhodčím ke startu povelem startéra \"Na místa, připravte se!\", končí stanovený limitní čas na přípravu prvního startu (a to i před jeho naplněním) a jakékoli překročení startovní čáry, od počátku tohoto povelu, je bráno jako špatný start. Od počátku uvedeného povelu je základna uzavřena (platí i pro případný opakovaný start).\r\n\r\nMožnost znovuotevření základny je pouze při technické závadě na straně rozhodčích či pořadatele, při přerušení pokusu Radou PHL nebo při náhlé změně povětrnostních podmínek, a to na dobu nejvýše do 1 minuty od znovuotevření základny.\r\n\r\nZákladnu mohou připravovat jen členové soutěžního družstva, toto se nevztahuje na donesení a umístění přenosné požární stříkačky, to mohou provést i nečlenové soutěžního družstva, ale neprodleně pak tento prostor opustí.\r\n\r\nVedoucí družstva označený vestou může stát poblíž ženského družstva při přípravě základny, ale nesmí se dotýkat žádného materiálu.\r\n\r\nIX. Startování\r\n==============\r\nPovely \"NA MÍSTA, PŘIPRAVTE SE !\", \"POZOR !\", výstřel.\r\n\r\nKaždé soutěžní družstvo má možnost pouze jednoho opakovaného startu, pokud nebyla chyba  na straně startéra, nebo startovací techniky (selhání výstřelu apod.).\r\n\r\nStartování musí být prováděno startovací pistolí.\r\nPři špatném startu je družstvo vráceno druhým výstřelem nebo píšťalkou.\r\n\r\nPřekročení startovní čáry po povelu startéra \"POZOR\" je bráno jako ulitý start.\r\n\r\nPři pádu materiálu mimo základnu, startér smí startovat.\r\n\r\n\r\nX. Hodnocení jednotlivých soutěží\r\n=================================\r\nDružstva umístěná v jednotlivých soutěžích s platným časem, v kategorii mužů na prvních 15 místech a v kategorii žen na prvních žen 10 místech, obdrží body do celkového hodnocení.\r\n\r\nPodřipské hasičské ligy takto:\r\n\r\n|------------------------------------------------\r\n| Umístění	| Body muži	| Body ženy	| Umístění	| Body muži	| Body ženy	|\r\n|------------------------------------------------\r\n| 1.	| 15	| 10	| 11.	| 5	| 0	|\r\n| 2.	| 14	| 9	| 12.	| 4	| 0	|\r\n| 3.	| 13	| 8	| 13.	| 3	| 0	|\r\n| 4.	| 12	| 7	| 14.	| 2	| 0	|\r\n| 5.	| 11	| 6	| 15.	| 1	| 0	|\r\n| 6.	| 10	| 5	| 16.	| 0	| 0	|\r\n| 7.	| 9	| 4	| 17.	| 0	| 0	|\r\n| 8.	| 8	| 3	| 18.	| 0	| 0	|\r\n| 9.	| 7	| 2	| 19.	| 0	| 0	|\r\n| 10.	| 6	| 1	| 20.	| 0	| 0	|\r\n\r\nPři dosažení stejného času přísluší oběma, nebo více družstvům nejvyšší možný počet bodů za dosažené umístění (1. místo 15 b., 1. místo 14 b., 3. místo 13 b.).\r\n\r\nZa neplatný pokus je automaticky 0 bodů.\r\n\r\nBodování zůstává stejné i při případném rozstřelu stanoveném pořadatelem.\r\n\r\nDružstva na bodovaných místech se musí zúčastnit vyhlášení výsledků (výjimku  povoluje rada Podřipské okresní ligy a pořadatel). Družstva, která se nemohou  zúčastnit vyhlášení výsledků mají povinnost nahlásit toto pořadateli.\r\n\r\nPři neúčasti na závěrečném nástupu bez omluvení, nebudou družstvu získané body započítány do celkového hodnocení Podřipské hasičské ligy.\r\n\r\nXI. Protesty\r\n============\r\nProtest musí být podán písemně do 10 minut po ukončení pokusu se zálohou 500 Kč, která bude v případě uznání protestu družstvu vrácena. V opačném případě propadá ve prospěch pořadatele. \r\n\r\nXII. Celkové vyhodnocení Podřipské hasičské ligy\r\n================================================\r\nVítězem seriálu a držitelem putovního poháru Podřipské hasičské ligy se stává družstvo s nejvyšším počtem získaných bodů.\r\n\r\nV případě, že bude bodové hodnocení družstev stejné, rozhoduje počet lepších umístění, v případě rovnosti bodů i potom bude následovat rozstřel (další pokus).\r\n\r\nVítěz dané kategorie se stává na jeden rok držitelem putovního poháru (družstva na prvních 3 místech, obdrží poháry hrazené z fondu ligy).\r\n\r\nXIII. Rada Podřipské hasičské ligy\r\n==================================\r\nRada má právo před zahájením soutěže překontrolovat regulérnost dráhy a splnění podmínek pro pořadatele, jak jsou uvedeny v pravidlech.\r\n\r\nRada má právo změnit, zrušit nebo přidat pořadatele pro následující ročník.\r\n\r\nVyžadovat, dle možností, odstranění nedostatků před zahájením soutěže.\r\n\r\nZajistí 2 kvalifikované rozhodčí a startéra! \r\n\r\nNa závodech musí být přítomni minimálně 3 členové Rady PHL. Pro platné rozhodnutí Rady PHL je zapotřebí nadpoloviční většina z přítomných hlasů.\r\n\r\nV případě podání protestu a situaci, kdy o protestu nebude moci jednoznačně rozhodnout hlavní rozhodčí,  plní funkci odvolací komise složení rady Podřipské hasičské ligy:\r\n\r\n\r\n|--------------------------------\r\n| Jméno a příjmení	| Sbor	| Telefon	| Funkce	|\r\n|--------------------------------\r\n| Pavel Novák	| SDH Hrobce	| 777 859 229	| Předseda rady	|\r\n| Jindřich Konfršt	| SDH Bechlín	| 724 746 472	| Člen rady	|\r\n| Jaroslav Kopal	| SDH Nové Dvory	| 606 119 246	| Člen rady	|\r\n| Jaroslav Vocásek	| SDH Předonín	| 723 174 947	| Člen rady	|\r\n| Antonín Svoboda	| SDH Sulejovice| 721 706 409	| Člen rady	|\r\n| Johana Švehlová	| SDH Štětí	| 739 660 382	| Člen rady	|\r\n| Antonín Drbal	| SDH Černuc	| 606 440 111	| Člen rady	|\r\n\r\nXIV. Podmínky pro pořadatele soutěže\r\n====================================\r\nKaždý pořadatel odevzdá jednorázový příspěvek do fondu Podřipské hasičské ligy 1 500 Kč. Pokud pořadatel neodevzdá příspěvek do stanovené termínu, tak mu bude pořadatelství odebráno.\r\n\r\nZpracuje propozice své soutěže s uvedením termínu, místa, času prezentace, zahájení, pořadí startu jednotlivých kategorií (muži - ženy/ženy - muži) a  počtu základen. V dostatečném předstihu je zašle, nebo předá soutěžním družstvům.\r\n\r\nPřijme do soutěže všechna přihlášená družstva.\r\n\r\nZajistí kvalitní přípravu závodní dráhy, její řádné vytyčení (zamezení přístupu do dráhy z obou jejích podélných stran a prostoru kolem startu a základny), ozvučení a zázemí soutěže, včetně odpovídajícího sociálního zařízení.\r\n\r\nZajistí vyvěšení pravidel Podřipské hasičské ligy v požárním útoku na viditelném místě.\r\n\r\nVyznačí místo pro měření délky hadic.\r\n\r\nV případě, že se podaří zajistit sponzora Podřipské hasičské ligy, zajistí instalaci jeho reklamního panelu na nejsledovanějším místě soutěže a uveřejní jeho logo a  jméno v propozicích své soutěže.\r\n\r\nPořadatel je povinen na soutěžní dráhu umístit značky pro obě kategorie:\r\na) ve vzdálenosti 18 metrů od čáry nástřiku pro pravý i levý proud v ose otvoru terče (značka odhozu hadice C)\r\nb) ve vzdálenosti 36 metrů od čáry nástřiku v ose mezi oběma terči značku pro odložení rozdělovače, ve vzdálenosti 18 a 36 metrů od středu základny a středem mezi oběma terči značku pro odhození hadice B.\r\n\r\nVyhlášení výsledků proběhne maximálně 20 min. po ukončení posledního požárního útoku dne (výjimku tvoří závěrečná soutěž seriálu).\r\n\r\nZabezpečí poháry pro první tři družstva za základní  kolo (soutěž započítávaná do Podřipské hasičské ligy) s označením místa a roku konání a označením kategorie.\r\n\r\nPořadatel je povinen akceptovat a dodržovat všechna ustanovení ve všech článcích/bodech/pravidel Podřipské hasičské ligy.\r\nZajistí přípravnou základnu, případně vyhrazený prostor pro přejímku materiálu.\r\n\r\n\r\nXV. Soutěže zařazené do II. ročníku Podřipské hasičské ligy\r\n==========================================================\r\nTermíny soutěží se stanovují pomocí dohodovacího řízení a shody organizátorů.\r\n',	1),
(2,	'I. Nejvyšší orgán Podřipské hasičské ligy v PÚ\r\n==============================================\r\nRada Podřipské hasičské ligy je nejvyšším orgánem na soutěži.\r\n\r\nII. Účast\r\n=========\r\nSoutěže se mohou zúčastnit všechna hasičská družstva z celé ČR i ze zahraničí na základě  přihlášky k jednotlivým soutěžím v kategoriích muži a ženy.\r\n\r\nZa přihlášku k soutěži se považuje zaplacení startovného. \r\n\r\nIII. Rozsah soutěže\r\n===================\r\nSoutěže se zúčastní družstva, která se prezentují nejpozději 15 min. před nástupem družstev na začátku soutěže. Pouze ve výjimečných případech (např. porucha vozidla při dopravě na soutěž) povoluje start pořadatel soutěže. V tomto případě je nutné kontaktovat zástupce daného pořadatele v radě přes mobilní telefon.\r\n\r\nVšechny závody PHL začínají jednotně od 10 hodin.\r\nStartovné bude uhrazeno družstvy při prezentaci. Výše startovného za jedno družstvo je 150 Kč. Přihlásit se a vybrat startovní pořadí bude možné také na stránkách http://www.podripskaliga.cz\r\n\r\nIV. Způsob provedení požárního útoku\r\n====================================\r\nPodle platných směrnic hasičských soutěží (upravených dle pravidel PS z 12. 10. 2007) a pravidel – výjimek platných pro Podřipskou hasičskou ligu (uvedených v článku V. Technické podmínky) na sklopné a nástřikové terče.\r\n\r\nNa soutěžní dráhu je povolen vstup pouze soutěžnímu družstvu při pokusu a technické četě.\r\n\r\nNa soutěžní dráhu je družstvům zakázáno umísťovat jakékoliv značky, mimo značek umístěných pořadatelem.\r\n\r\nDružstvo smí při provádění požárního útoku použít vlastní přetlakový ventil schváleného typu. Pokud družstvo provede požární útok bez přetlakového ventilu, tak pořadatel ne nese žádnou odpovědnost za zdraví soutěžících.\r\n\r\nKoš musí být našroubován na savici před ponořením do vody a musí být našroubován i po vytažení z vodního zdroje. Pokus je platný i tehdy spadl-li koš do vodního zdroje nebo mimo něj a byl následně našroubován na savici před ponořením do vody.\r\nSavice musí být řádně sešroubovány dohromady a našroubovány na stroji do ukončení požárního útoku. \r\n\r\nV. Technické podmínky\r\n=====================\r\nÚtočné vedení - výjimky ze směrnic hasičských soutěží:\r\n- popis překážek a nářadí\r\n	- hadice \"B75\" minimální plošná šíře 113 mm\r\n	- hadice \"C52\" minimální plošná šíře 79 mm\r\n	- délka hadic minimálně 19 m\r\n	- proudnice průměr výstřikové hubice 12,5 – 13 mm \r\n	- sací koš 110 mm – rozměry ok maximálně 10x10 mm\r\n	- kontrola délky hadic po ukončení požárního útoku, změřením minimálně jedné libovolné hadice u každého soutěžního družstva určené rozhodčím\r\n	- v případě použití hákových klíčů nesmí být tyto nijak upraveny\r\n\r\n- stroj\r\n	- přenosná motorová stříkačka s funkčními klouby a klapkou, která vychází ze schváleného typu \r\n	- ovládání plynu mechanické na směšovacím zařízení, nebo na místě vyrobeném výrobcem          \r\n	- výfukové potrubí musí procházet vývěvou  \r\n	\r\n-doba na přípravu a provedení pokusu \r\n        - doba přípravy 5 minut, provedení pokusu do 2 min\r\n\r\n- provedení disciplín \r\n	- 1 požární útok = družstvo soutěží na vlastní stroj \r\n          2 požární útok = družstvo soutěží na jednotný stroj PPS 12 a na 2 \"B\" (pořadatel pokud možno použije svou nebo podle domluvy a potřeby dodají SDH Nové Dvory)   \r\n	- každá tato kategorie se hodnotí zvlášť podle bodování PHL  \r\n	- motorová stříkačka může být v době startu v chodu (může se nastartovat v průběhu času pro přípravu základny)         \r\n	- mezi zuby půlspojek musí projít  volně vložený zalaminátový list papíru   \r\n	- čára v době výstřiku vody je nedotknutelná (čáry a prostoru za ní se nesmí nic dotýkat)\r\n	- podložka pod savice se může používat pouze hladká, rovná bez výřezů o max. tloušťce 10 mm         \r\n\r\n- neplatnost pokusu\r\n	- proudnice se nesmí dotýkat čáry nástřiku a smí být opřena o zem\r\n\r\nVýstroj soutěžících a družstva je jednotná (pracovní, nebo sportovní, kalhoty ke kotníkům), s možností krátkého rukávu trika (trika v kalhotách).\r\n\r\nMusí být jednotný dres pro družstvo, včetně barevného provedení.\r\n\r\nObuv pracovní nebo sportovní, nejsou povoleny kopačky – tretry jsou povoleny (délka hřebů max.6mm).\r\n\r\nOpasek a ochranná přilba odpovídající pravidlům PS.\r\n\r\nVI. Jiná ustanovení\r\n===================\r\nSoutěžící smí na jedné soutěži startovat pouze ve dvou družstvech (vlastní + 1x cizí). To se týká i žen, které startují v mužské kategorii.\r\n\r\nDružstvo  může  mít  zapůjčeného  pouze  jednoho závodníka, který tento pokus absolvuje  v dresu svého družstva.\r\nV případě porušení tohoto ustanovení budou potrestána všechna družstva, za která soutěžící startoval neplatným pokusem!\r\n\r\nDružstvo které má zapůjčeného člena musí mít razítko od rozhodčího, které mu bude dáno před soutěží.\r\n\r\nV případě že nebude mít razítko, nebude družstvo připuštěno na start a bude mít neplatný pokus.\r\n\r\nV mužské družstvu mohou i startovat ženy (smíšené družstvo).  \r\n\r\nNa nástupu před soutěží a po soutěži musí být každé zúčastněné družstvo nastoupeno v minimálním počtu 4 osob řádně ustrojených (soutěžní dres, stejnokroj atd.). Vztahuje se jen na horní část oblečení. Při nedodržení tohoto pravidla bez omluvy budou dotčenému družstvu odebrány všechny body získané v soutěži. Kontrolou pravidla se pověřují rozhodčí na základně.\r\nAkceptování tohoto pravidla, včetně ukázněnosti na nástupech, by mělo zvýšit celkovou úroveň I. ročníku \"Podřipské hasičské ligy\" a renomé těchto závodů v očích divácké veřejnosti.\r\n\r\nVII. Měření času\r\n================\r\nČas požárního útoku bude měřen elektronickou časomírou na dvě desetinná místa.\r\n\r\nTerče musí být konstruovány tak, aby byly vybaveny viditelnou signalizací ukončení pokusu (světelně, mechanicky nebo kombinace obou způsobů).\r\n\r\nPři selhání časomíry (časomíra se nezastaví) družstvo opakuje svůj pokus. K opakování pokusu nastupuje družstvo po dohodě s pořadatelem.\r\n\r\nPři selhání časomíry delším než jedna hodina, rozhodne hlavní rozhodčí společně s radou Podřipské hasičské ligy o dalším průběhu soutěže.\r\n\r\nVIII. Příprava základny\r\n=======================\r\nZačíná uvolněním základny = odstranění soutěžního stroje ze základny a povelem \"Na základnu\".\r\n\r\nPřed provedením požárního útoku předloží družstvo soutěžní nářadí k přejímce na PŘÍPRAVNÉ ZÁKLADNĚ. Bez provedené přejímky materiálu nebude družstvu umožněn start. Stanovený rozhodčí ve vyhrazeném prostoru provede kontrolu tohoto materiálu.\r\n\r\nPřipravenost základny při startu osvědčí rozhodčí zvednutím praporku, od tohoto momentu je zakázáno provádět úpravy na základně bez svolení rozhodčího. Svolení (do časového limitu) se vyžaduje zvednutím ruky ve směru k rozhodčímu základny. Bylo-li družstvo po odchodu od základny již vyzváno rozhodčím ke startu povelem startéra \"Na místa, připravte se!\", končí stanovený limitní čas na přípravu prvního startu (a to i před jeho naplněním) a jakékoli překročení startovní čáry, od počátku tohoto povelu, je bráno jako špatný start. Od počátku uvedeného povelu je základna uzavřena (platí i pro případný opakovaný start).\r\n\r\nMožnost znovuotevření základny je pouze při technické závadě na straně rozhodčích či pořadatele, při přerušení pokusu Radou PHL nebo při náhlé změně povětrnostních podmínek, a to na dobu nejvýše do 1 minuty od znovuotevření základny.\r\n\r\nZákladnu mohou připravovat jen členové soutěžního družstva, toto se nevztahuje na donesení a umístění přenosné požární stříkačky, to mohou provést i nečlenové soutěžního družstva, ale neprodleně pak tento prostor opustí.\r\n\r\nVedoucí družstva označený vestou může stát poblíž ženského družstva při přípravě základny, ale nesmí se dotýkat žádného materiálu.\r\n\r\nIX. Startování\r\n==============\r\nPovely \"NA MÍSTA, PŘIPRAVTE SE !\", \"POZOR !\", výstřel.\r\n\r\nKaždé soutěžní družstvo má možnost pouze jednoho opakovaného startu, pokud nebyla chyba  na straně startéra, nebo startovací techniky (selhání výstřelu apod.).\r\n\r\nStartování musí být prováděno startovací pistolí.\r\nPři špatném startu je družstvo vráceno druhým výstřelem nebo píšťalkou.\r\n\r\nPřekročení startovní čáry po povelu startéra \"POZOR\" je bráno jako ulitý start.\r\n\r\nPři pádu materiálu mimo základnu, startér smí startovat.\r\n\r\n\r\nX. Hodnocení jednotlivých soutěží\r\n=================================\r\nDružstva umístěná v jednotlivých soutěžích s platným časem, v kategorii mužů na prvních 15 místech a v kategorii žen na prvních žen 10 místech, obdrží body do celkového hodnocení.\r\n\r\nPodřipské hasičské ligy takto:\r\n\r\n|------------------------------------------------\r\n| Umístění	| Body muži	| Body ženy	| Umístění	| Body muži	| Body ženy	|\r\n|------------------------------------------------\r\n| 1.	| 15	| 10	| 11.	| 5	| 0	|\r\n| 2.	| 14	| 9	| 12.	| 4	| 0	|\r\n| 3.	| 13	| 8	| 13.	| 3	| 0	|\r\n| 4.	| 12	| 7	| 14.	| 2	| 0	|\r\n| 5.	| 11	| 6	| 15.	| 1	| 0	|\r\n| 6.	| 10	| 5	| 16.	| 0	| 0	|\r\n| 7.	| 9	| 4	| 17.	| 0	| 0	|\r\n| 8.	| 8	| 3	| 18.	| 0	| 0	|\r\n| 9.	| 7	| 2	| 19.	| 0	| 0	|\r\n| 10.	| 6	| 1	| 20.	| 0	| 0	|\r\n\r\nPři dosažení stejného času přísluší oběma, nebo více družstvům nejvyšší možný počet bodů za dosažené umístění (1. místo 15 b., 1. místo 14 b., 3. místo 13 b.).\r\n\r\nZa neplatný pokus je automaticky 0 bodů.\r\n\r\nBodování zůstává stejné i při případném rozstřelu stanoveném pořadatelem.\r\n\r\nDružstva na bodovaných místech se musí zúčastnit vyhlášení výsledků (výjimku  povoluje rada Podřipské hasičské ligy a pořadatel). Družstva, která se nemohou  zúčastnit vyhlášení výsledků mají povinnost nahlásit toto pořadateli.\r\n\r\nPři neúčasti na závěrečném nástupu bez omluvení, nebudou družstvu získané body započítány do celkového hodnocení Podřipské hasičské ligy.\r\n\r\nXI. Protesty\r\n============\r\nProtest musí být podán písemně do 10 minut po ukončení pokusu se zálohou 500 Kč, která bude v případě uznání protestu družstvu vrácena. V opačném případě propadá ve prospěch pořadatele. \r\n\r\nXII. Celkové vyhodnocení Podřipské hasičské ligy\r\n================================================\r\nVítězem seriálu a držitelem putovního poháru Podřipské hasičské ligy se stává družstvo s nejvyšším počtem získaných bodů.\r\n\r\nV případě, že bude bodové hodnocení družstev stejné, rozhoduje počet lepších umístění, v případě rovnosti bodů i potom bude následovat rozstřel (další pokus).\r\n\r\nVítěz dané kategorie se stává na jeden rok držitelem putovního poháru (družstva na prvních 3 místech, obdrží poháry hrazené z fondu ligy).\r\n\r\nXIII. Rada Podřipské hasičské ligy\r\n==================================\r\nRada má právo před zahájením soutěže překontrolovat regulérnost dráhy a splnění podmínek pro pořadatele, jak jsou uvedeny v pravidlech.\r\n\r\nRada má právo změnit, zrušit nebo přidat pořadatele pro následující ročník.\r\n\r\nVyžadovat, dle možností, odstranění nedostatků před zahájením soutěže.\r\n\r\nZajistí 2 kvalifikované rozhodčí a startéra! \r\n\r\nNa závodech musí být přítomni minimálně 3 členové Rady PHL. Pro platné rozhodnutí Rady PHL je zapotřebí nadpoloviční většina z přítomných hlasů.\r\n\r\nV případě podání protestu a situaci, kdy o protestu nebude moci jednoznačně rozhodnout hlavní rozhodčí,  plní funkci odvolací komise složení rady Podřipské hasičské ligy:\r\n\r\n\r\n|--------------------------------\r\n| Jméno a příjmení	| Sbor	| Telefon	| Funkce	|\r\n|--------------------------------\r\n| Pavel Novák	| SDH Hrobce	| 777 859 229	| Předseda rady	|\r\n| Jindřich Konfršt	| SDH Bechlín	| 724 746 472	| Člen rady	|\r\n| Jaroslav Kopal	| SDH Nové Dvory	| 606 119 246	| Člen rady	|\r\n| Jaroslav Vocásek	| SDH Předonín	| 723 174 947	| Člen rady	|\r\n| Antonín Svoboda	| SDH Sulejovice| 721 706 409	| Člen rady	|\r\n| Johana Švehlová	| SDH Štětí	| 739 660 382	| Člen rady	|\r\n| Antonín Drbal	| SDH Černuc	| 606 440 111	| Člen rady	|\r\n\r\nXIV. Podmínky pro pořadatele soutěže\r\n====================================\r\nKaždý pořadatel odevzdá jednorázový příspěvek do fondu Podřipské hasičské ligy 1 500 Kč. Pokud pořadatel neodevzdá příspěvek do stanovené termínu, tak mu bude pořadatelství odebráno.\r\n\r\nZpracuje propozice své soutěže s uvedením termínu, místa, času prezentace, zahájení, pořadí startu jednotlivých kategorií (muži - ženy/ženy - muži) a  počtu základen. V dostatečném předstihu je zašle, nebo předá soutěžním družstvům.\r\n\r\nPřijme do soutěže všechna přihlášená družstva.\r\n\r\nZajistí kvalitní přípravu závodní dráhy, její řádné vytyčení (zamezení přístupu do dráhy z obou jejích podélných stran a prostoru kolem startu a základny), ozvučení a zázemí soutěže, včetně odpovídajícího sociálního zařízení.\r\n\r\nZajistí vyvěšení pravidel Podřipské hasičské ligy v požárním útoku na viditelném místě.\r\n\r\nVyznačí místo pro měření délky hadic.\r\n\r\nV případě, že se podaří zajistit sponzora Podřipské hasičské ligy, zajistí instalaci jeho reklamního panelu na nejsledovanějším místě soutěže a uveřejní jeho logo a  jméno v propozicích své soutěže.\r\n\r\nPořadatel je povinen na soutěžní dráhu umístit značky pro obě kategorie:\r\na) ve vzdálenosti 18 metrů od čáry nástřiku pro pravý i levý proud v ose otvoru terče (značka odhozu hadice C)\r\nb) ve vzdálenosti 36 metrů od čáry nástřiku v ose mezi oběma terči značku pro odložení rozdělovače, ve vzdálenosti 18 a 36 metrů od středu základny a středem mezi oběma terči značku pro odhození hadice B.\r\n\r\nVyhlášení výsledků proběhne maximálně 20 min. po ukončení posledního požárního útoku dne (výjimku tvoří závěrečná soutěž seriálu).\r\n\r\nZabezpečí poháry pro první tři družstva za základní  kolo (soutěž započítávaná do Podřipské hasičské ligy) s označením místa a roku konání a označením kategorie.\r\n\r\nPořadatel je povinen akceptovat a dodržovat všechna ustanovení ve všech článcích/bodech/pravidel Podřipské hasičské ligy.\r\nZajistí přípravnou základnu, případně vyhrazený prostor pro přejímku materiálu.\r\n\r\n\r\nXV. Soutěže zařazené do II. ročníku Podřipské hasičské ligy\r\n==========================================================\r\nTermíny soutěží se stanovují pomocí dohodovacího řízení a shody organizátorů.\r\n',	2);

INSERT INTO `rocniky` (`id`, `rok`, `rocnik`, `zverejneny`) VALUES
(1,	2011,	1,	1),
(2,	2012,	2,	1);

INSERT INTO `sbory` (`id`, `id_typu`, `id_mista`, `privlastek`, `kontakt`, `id_kontaktni_osoby`, `id_spravce`, `uri`, `stare_id`, `nic`) VALUES
(4,	1,	1,	'',	'',	NULL,	NULL,	'sdh-kresice',	0,	0),
(5,	1,	3,	'',	'',	NULL,	NULL,	'sdh-steti',	0,	0),
(6,	1,	2,	'',	'',	NULL,	NULL,	'sdh-bechlin',	0,	0),
(7,	1,	4,	'',	'',	4,	NULL,	'sdh-predonin',	0,	0),
(8,	1,	5,	'',	'',	9,	NULL,	'sdh-nove-dvory',	0,	0),
(9,	1,	6,	'',	'',	3,	NULL,	'sdh-hrobce',	0,	0),
(10,	1,	7,	'',	'',	NULL,	NULL,	'sdh-zemechy',	0,	0),
(11,	1,	8,	'',	'',	7,	7,	'sdh-dremcice',	0,	0),
(12,	1,	9,	'',	'',	NULL,	NULL,	'sdh-stremy',	0,	0),
(13,	1,	10,	'',	'',	NULL,	NULL,	'sdh-sulejovice',	0,	0),
(14,	1,	11,	'',	'',	NULL,	NULL,	'sdh-kmetineves',	0,	0),
(15,	1,	12,	'',	'',	NULL,	NULL,	'sdh-brozany',	0,	0),
(16,	1,	13,	'',	'',	6,	NULL,	'sdh-cernoucek',	0,	0),
(17,	1,	14,	'',	'',	NULL,	NULL,	'sdh-melnik-blata',	0,	0),
(18,	1,	15,	'',	'',	NULL,	NULL,	'sdh-kostomlaty-pod-ripem',	0,	0),
(19,	1,	16,	'',	'',	NULL,	NULL,	'sdh-tuhan',	0,	0),
(20,	1,	17,	'',	'',	NULL,	NULL,	'sdh-lukavec',	0,	0),
(23,	1,	18,	'',	'',	NULL,	NULL,	'sdh-cernuc',	0,	0),
(24,	1,	19,	'',	'',	NULL,	NULL,	'sdh-bohusovice-n-o',	0,	0),
(25,	1,	22,	'',	'',	NULL,	NULL,	'sdh-chudoslavice',	0,	0),
(26,	1,	23,	'',	'',	NULL,	NULL,	'sdh-cizkovice',	0,	0),
(27,	1,	24,	'',	'',	NULL,	NULL,	'sdh-kikinky',	0,	0),
(30,	1,	26,	'',	'',	NULL,	NULL,	'sdh-ctineves',	0,	0),
(31,	2,	4,	'',	'',	NULL,	NULL,	'',	0,	0),
(33,	1,	27,	'',	'',	NULL,	NULL,	'',	0,	0),
(37,	1,	29,	'',	'',	NULL,	NULL,	'',	0,	0),
(38,	1,	29,	'Trávčice',	'',	NULL,	NULL,	'',	0,	0),
(39,	1,	30,	'',	'',	NULL,	NULL,	'',	0,	0),
(40,	1,	31,	'',	'',	NULL,	NULL,	'',	0,	0),
(41,	2,	2,	'',	'',	NULL,	NULL,	'',	0,	0),
(42,	1,	32,	'Děčany',	'',	NULL,	NULL,	'',	0,	0),
(43,	2,	32,	'sdh',	'',	NULL,	NULL,	'',	0,	0),
(44,	1,	32,	'',	'',	NULL,	NULL,	'',	0,	0),
(45,	3,	33,	'Tom\'s Gym',	'',	NULL,	NULL,	'hz-tom-s-gym-decin',	0,	0),
(46,	1,	34,	'Unčín',	'',	NULL,	NULL,	'',	0,	0),
(47,	1,	34,	'',	'',	NULL,	NULL,	'',	0,	0),
(50,	2,	37,	'',	'',	NULL,	NULL,	'',	0,	0),
(51,	1,	37,	'',	'',	NULL,	NULL,	'',	0,	0),
(52,	1,	39,	'',	'',	NULL,	NULL,	'',	0,	0),
(54,	1,	41,	'',	'',	NULL,	NULL,	'',	0,	0),
(55,	3,	26,	'',	'',	NULL,	NULL,	'',	0,	0),
(56,	1,	43,	'SDH Oleško',	'',	NULL,	NULL,	'',	0,	0),
(57,	3,	2,	'SDH Oleško',	'',	NULL,	NULL,	'',	0,	0),
(58,	1,	45,	'',	'',	NULL,	NULL,	'',	0,	0),
(59,	1,	43,	'Oleško',	'',	9,	9,	'',	0,	0),
(60,	1,	43,	'',	'',	NULL,	NULL,	'',	0,	0);

INSERT INTO `souteze` (`id`, `nazev`, `popis`, `platnost_od`, `platnost_do`, `poradi`) VALUES
(1,	'Požární útok na vlastní stroj na 2B',	'Požární útok na 2 B hadice, kde každý tým běží na vlastní stroj.\r\n\r\nV první sezóně 2011 se této soutěže účastnila kategorie žen. Od druhé sezóny 2012 se k nim připojila kvůli zrychlení chodu závodů i kategorie mužů.',	'2011-01-01 00:00:00',	NULL,	3),
(2,	'Požární útok na jednotný stroj na 2B',	'Požární útok na 2 B hadice, kde všechny týmy běží na jednotný stroj.\r\n\r\nV první sezóně 2011 se této soutěže účastnila kategorie žen. Od druhé sezóny 2012 se k nim připojila kvůli zrychlení chodu závodů i kategorie mužů.',	'2011-01-01 00:00:00',	NULL,	4),
(3,	'Požární útok na vlastní stroj na 3B',	'Požární útok na 3 B hadice, kde každý běží na vlastní stroj.\r\n\r\nV prvním ročníku se této soutěže účastnila kategorie mužů. Od druhé sezóny 2012 se připojila k ženám na trať pro 2 B hadice.',	'2011-01-01 00:00:00',	NULL,	1),
(4,	'Požární útok na jednotný stroj na 3B',	'Požární útok na 3 B hadice, kde všechny týmy běží na jednotný stroj.\r\n\r\nV prvním ročníku se této soutěže účastnila kategorie mužů. Od druhé sezóny 2012 se připojila k ženám na trať pro 2 B hadice.',	'2011-01-01 00:00:00',	NULL,	2);

INSERT INTO `souteze_rocniku` (`id`, `id_souteze`, `id_rocniku`, `id_kategorie`, `id_bodove_tabulky`) VALUES
(7,	1,	1,	2,	1),
(2,	1,	2,	2,	3),
(8,	2,	1,	2,	1),
(3,	2,	2,	1,	1),
(4,	2,	2,	2,	3),
(5,	3,	1,	1,	2),
(1,	3,	2,	1,	1),
(6,	4,	1,	1,	2);

INSERT INTO `sportoviste` (`id`, `id_mista`, `popis`, `sirka`, `delka`) VALUES
(1,	2,	'- Základna - koberec\r\n- Trať - fotbalové hřiště',	137133920,	132901664),
(2,	3,	'- Základna - koberec\r\n- Trať - fotbalové hřiště',	137231232,	132987840),
(3,	10,	'- Základna - koberec\r\n- Trať - fotbalové hřiště',	137431888,	132219744),
(4,	5,	'- Základna - koberec\r\n- Trať - fotbalové hřiště',	137235392,	132546048),
(5,	17,	'- Základna - koberec\r\n- Trať - fotbalové hřiště',	137424448,	132327776),
(6,	4,	'- Základna - zámková dlažba\r\n- Trať - fotbalové hřiště',	137191680,	132888512),
(7,	6,	'- Základna: dlažba\r\n- Trať: fotbalové hřiště',	137281952,	132651096),
(8,	8,	'- základna: beton\r\n- dráha: tráva',	137332448,	131927680),
(9,	26,	'',	136983520,	132834240),
(10,	18,	'- základna: koberec\r\n- dráha: fotbalové hřiště',	136721408,	132583232),
(11,	12,	'',	137269744,	132465824);

INSERT INTO `terce` (`id`, `id_sboru`, `id_typu`, `text`, `uri`) VALUES
(1,	5,	1,	'',	'1-plnici-sdh-steti'),
(2,	6,	2,	'',	'2-sklopky-sdh-bechlin'),
(3,	9,	2,	'',	'3-sklopky-sdh-hrobce'),
(4,	39,	2,	'',	''),
(8,	4,	2,	'',	'');

INSERT INTO `typy_sboru` (`id`, `nazev`, `zkratka`, `nic`) VALUES
(1,	'Sbor dobrovolných hasičů',	'SDH',	0),
(2,	'Požární sport',	'PS',	0),
(3,	'HŽ',	'HŽ',	0);

INSERT INTO `typy_tercu` (`id`, `nazev`, `poradi`) VALUES
(1,	'plnící',	0),
(2,	'sklopné',	0);

INSERT INTO `ucasti` (`id`, `id_zavodu`, `id_souteze`, `id_kategorie`, `id_bodove_tabulky`, `pocet`) VALUES
(2,	1,	3,	1,	2,	25),
(3,	1,	1,	2,	1,	20),
(4,	1,	4,	1,	2,	25),
(5,	1,	2,	2,	1,	20),
(6,	2,	3,	1,	2,	25),
(7,	2,	1,	2,	1,	20),
(8,	2,	4,	1,	2,	25),
(9,	2,	2,	2,	1,	20),
(10,	3,	3,	1,	2,	25),
(11,	3,	1,	2,	1,	20),
(12,	3,	4,	1,	2,	25),
(13,	3,	2,	2,	1,	20),
(14,	4,	3,	1,	2,	25),
(15,	4,	1,	2,	1,	20),
(16,	4,	4,	1,	2,	25),
(17,	4,	2,	2,	1,	20),
(18,	5,	3,	1,	2,	25),
(19,	5,	1,	2,	1,	20),
(20,	5,	4,	1,	2,	25),
(21,	5,	2,	2,	1,	20),
(22,	6,	3,	1,	2,	25),
(23,	6,	1,	2,	1,	20),
(24,	6,	4,	1,	2,	25),
(25,	6,	2,	2,	1,	20),
(27,	7,	1,	2,	3,	20),
(28,	7,	2,	1,	1,	25),
(29,	7,	2,	2,	3,	20),
(31,	11,	1,	2,	3,	20),
(32,	11,	2,	1,	1,	25),
(33,	11,	2,	2,	3,	20),
(35,	12,	1,	2,	3,	20),
(36,	12,	2,	1,	1,	25),
(37,	12,	2,	2,	3,	20),
(39,	13,	1,	2,	3,	20),
(40,	13,	2,	1,	1,	25),
(41,	13,	2,	2,	3,	20),
(43,	14,	1,	2,	3,	20),
(44,	14,	2,	1,	1,	25),
(45,	14,	2,	2,	3,	20),
(47,	15,	1,	2,	3,	20),
(48,	15,	2,	1,	1,	25),
(49,	15,	2,	2,	3,	20),
(51,	16,	1,	2,	3,	20),
(52,	16,	2,	1,	1,	25),
(53,	16,	2,	2,	3,	20),
(55,	17,	1,	2,	3,	20),
(56,	17,	2,	1,	1,	25),
(57,	17,	2,	2,	3,	20),
(59,	18,	1,	2,	3,	20),
(60,	18,	2,	1,	1,	25),
(61,	18,	2,	2,	3,	20),
(63,	19,	1,	2,	3,	20),
(64,	19,	2,	1,	1,	25),
(65,	19,	2,	2,	3,	20),
(67,	20,	1,	2,	3,	20),
(68,	20,	2,	1,	1,	25),
(69,	20,	2,	2,	3,	20),
(70,	7,	3,	1,	1,	25),
(71,	11,	3,	1,	1,	25),
(72,	12,	3,	1,	1,	25),
(73,	13,	3,	1,	1,	25),
(74,	14,	3,	1,	1,	25),
(75,	15,	3,	1,	1,	25),
(76,	16,	3,	1,	1,	25),
(77,	17,	3,	1,	1,	25),
(78,	18,	3,	1,	1,	25),
(79,	19,	3,	1,	1,	25),
(80,	20,	3,	1,	1,	25);

INSERT INTO `uzivatele` (`id`, `jmeno`, `prijmeni`, `prezdivka`, `pohlavi`, `id_sboru`, `heslo`, `docasneheslo`, `opravneni`, `kontakt`, `email`, `id_funkce`, `facebookId`, `stare_jmeno`, `stare_id`, `uri`, `aktivni`) VALUES
(1,	'Milan',	'Pála',	'',	'muz',	4,	'906e4ecee8817d655bfc25be50eb8f87',	'2bf7d508f7d4efe1aa7412c103ddbf1d',	'admin',	'',	'milan.pala@email.cz',	2,	NULL,	NULL,	NULL,	'1-milan-pala',	1),
(3,	'Pavel',	'Novák',	'',	'muz',	9,	'41f931825341750293b73c008d5a7ea3',	'95c9ae50ddf985d02097f0d18e1139c7',	'admin',	'Tel. 777 859 229',	'pavel@podripskaliga.cz',	1,	NULL,	NULL,	NULL,	'3-pavel-novak',	1),
(4,	'Jaroslav',	'Vocásek',	'',	'muz',	7,	'865d670819648fcd848f98258e2aadeb',	'7a4cfa2a4e1292af8c181c28cca018ad',	'user',	'',	'VocasekJaroslav@seznam.cz',	NULL,	NULL,	NULL,	NULL,	'4-jaroslav-vocasek',	1),
(5,	'Robert',	'Pánek',	'',	'muz',	9,	'92bea1d58fa4d983047774eaea85f8de',	'',	'user',	'',	'robertx@seznam.cz',	NULL,	NULL,	NULL,	NULL,	'5-robert-panek',	1),
(6,	'Zdeněk',	'Karhan',	'',	'muz',	16,	'ebc00fbe261cc1bb0d3ff603315e211e',	'',	'user',	'tel. 603206513',	'karhan.z@seznam.cz',	NULL,	NULL,	NULL,	NULL,	'6-zdenek-karhan',	1),
(7,	'Michaela',	'Levická',	'',	'muz',	11,	'2c37712e5e97ea9bb65896e5dabcec85',	'',	'admin',	'www.starosta.estranky.cz',	'michaela.levicka@gmail.com',	NULL,	NULL,	NULL,	NULL,	'7-michaela-levicka',	1),
(8,	'Lucie',	'Vocásková',	'',	'muz',	7,	'4ae8f723f4d63533c8a39e08cd9f3820',	'',	'user',	'',	'lucie.vocaskova@gmail.com',	NULL,	NULL,	NULL,	NULL,	'8-lucie-vocaskova',	1),
(9,	'SDH',	'Novačky',	'',	'muz',	8,	'a8f762c8fe6d9de1915fe9c9b25b240d',	'',	'user',	'www.hasici-novedvory.cz',	'hasici-ndvory@seznam.cz',	NULL,	NULL,	NULL,	NULL,	'9-sdh-novacky',	1),
(10,	'Lúca',	'Pohanová',	'',	'muz',	11,	'7a355ffb6f25a1e252255825f6e914e9',	'',	'user',	'',	'pohanovalucie@seznam.cz',	NULL,	NULL,	NULL,	NULL,	'10-luca-pohanova',	1),
(11,	'Petra',	'Veselá',	'',	'muz',	17,	'c8e33a48e3b0fe1f27c5a2ca67c26161',	'',	'user',	'608662881',	'petra.jirasova@seznam.cz',	NULL,	NULL,	NULL,	NULL,	'',	1),
(12,	'Johana',	'Švehlová',	'',	'muz',	5,	'70c488a9c3d323a54717884b566f621b',	'',	'user',	'',	'Johanka.svehlova@seznam.cz',	NULL,	NULL,	NULL,	NULL,	'',	1),
(13,	'Jirka',	'Šimek',	'',	'muz',	8,	'eef2d2d7c11d1996f8c3ee7b1ce3ae4b',	'',	'user',	'- \"Stánky na Facebooku\":https://www.facebook.com/sdhnovedvory \r\n\r\n\r\n\r\n- \"Official Website\":http://sdhnovedvory.webnode.cz/',	'centralmix@seznam.cz',	NULL,	NULL,	NULL,	NULL,	'',	1),
(14,	'Radka',	'Zahradníková',	'',	'muz',	20,	'1d5617f71b77e759b35f393e05382688',	'',	'user',	'',	'Radka.Zahradnikova@seznam.cz',	NULL,	NULL,	NULL,	NULL,	'',	1),
(17,	'Martina',	'Radošová',	'',	'muz',	33,	'1385f8a4ef572ec178ba7b3f2b2fb2d1',	'',	'user',	'',	'vykulocko232@seznam.cz',	NULL,	NULL,	NULL,	NULL,	'',	1),
(18,	'Lucie',	'Šretrová',	'',	'muz',	33,	'a226e11eda491c226fe0e77ea796b7a3',	'',	'user',	'',	'luciesretrova@seznam.cz',	NULL,	NULL,	NULL,	NULL,	'',	1),
(19,	'Petr',	'Šašek',	'',	'muz',	31,	'78b04cdde07535f09cb2062550dd37c4',	'',	'user',	'Telefon: 606226033',	'tonda.petr@seznam.cz',	NULL,	NULL,	NULL,	NULL,	'',	1),
(20,	'Antonín',	'Henych',	'',	'muz',	23,	'f6cdac81ac21e5a676d7130a60bc440e',	'',	'user',	'www.facebook.com/antonin.pacok',	'soutse@seznam.cz',	NULL,	NULL,	NULL,	NULL,	'',	1),
(21,	'Michal',	'Týř',	'',	'muz',	14,	'2fbc01482c231f8bc4b4a411a3e1581e',	'',	'user',	'',	'trucl@seznam.cz',	NULL,	NULL,	NULL,	NULL,	'',	1),
(22,	'Jiří',	'Marek',	'',	'muz',	10,	'6f48ff5af3d9941e28edc9ac30dbdb11',	'',	'user',	'',	'Minimus.j@seznam.cz',	NULL,	NULL,	NULL,	NULL,	'',	1),
(23,	'Jakub',	'Konfršt',	'',	'muz',	6,	'bb73500bdc9e8c8a09ff0c8cdd5b7821',	'',	'user',	'',	'jakub.konfrst@seznam.cz',	NULL,	NULL,	NULL,	NULL,	'',	1),
(24,	'Jan',	'Chuderák',	'',	'muz',	23,	'ef2e5b7a0b6bd05b9881b67584e5668e',	'',	'user',	'Mobilní telefon: 723481025\n Email: Jan.Chuderak@seznam.cz',	'Jan.Chuderak@seznam.cz',	NULL,	NULL,	NULL,	NULL,	'',	1),
(25,	'Jakub',	'Roubíček',	'',	'muz',	5,	'ff47adbec3b3765f7624c40411e32dfc',	'',	'user',	'',	'jakub.roubicek@steti.cz',	NULL,	NULL,	NULL,	NULL,	'',	1),
(26,	'Petr',	'Moravec',	'',	'muz',	8,	'6eb43a42e5afc791f5e931b7618a3e37',	'',	'user',	'',	'petr.ndvory@seznam.cz',	NULL,	NULL,	NULL,	NULL,	'',	1),
(27,	'Josef',	'Vápeník',	'',	'muz',	40,	'2eb82051c24f805d07721228e230584c',	'',	'user',	'',	'sdhchotineves@gmail.com',	NULL,	NULL,	NULL,	NULL,	'',	1),
(28,	'Jana',	'Macková',	'',	'muz',	6,	'6ef504ac0301657fb24b906ea30be9ca',	'',	'user',	'',	'jana.23@post.cz',	NULL,	NULL,	NULL,	NULL,	'',	1),
(29,	'Milan',	'Nahrabecký',	'',	'muz',	18,	'840569bb2e34fcc2a8e2363777500140',	'e58865553b1419928c393463dd01f951',	'user',	'mob.739287113',	'milan.nahrabecky@seznam.cz',	NULL,	NULL,	NULL,	NULL,	'',	1),
(30,	'Tomáš',	'Klupák',	'',	'muz',	11,	'827ccb0eea8a706c4c34a16891f84e7b',	'',	'user',	'',	'TomasKlupak@seznam.cz',	NULL,	NULL,	NULL,	NULL,	'',	1),
(31,	'Jindřich',	'Laštovka',	'',	'muz',	44,	'5039b55e1d45e3409be3fe0b9bc29a41',	'',	'user',	'',	'jindra.zebro@seznam.cz',	NULL,	NULL,	NULL,	NULL,	'',	1),
(32,	'Tomáš',	'Bouček',	'',	'muz',	12,	'7c8843a8c304bb888a8e7770356b0ed5',	'',	'user',	'',	'bouce@seznam.cz',	NULL,	NULL,	NULL,	NULL,	'',	1),
(33,	'Nikola',	'Zavázalová',	'',	'muz',	4,	'5839c3f20c76078f096581a381f1bb54',	'',	'user',	'',	'nikola.zavazalova@seznam.cz',	NULL,	NULL,	NULL,	NULL,	'',	1),
(34,	'Tomaš',	'Trojan',	'',	'muz',	45,	'76e4709be6b928d08f28980eb58cb6c1',	'ad27401ec5f274e1d3104d61e94aa4cc',	'user',	'775 898244',	'nokie211@seznam.cz',	NULL,	NULL,	NULL,	NULL,	'',	1),
(35,	'Tomáš',	'Rudl',	'',	'muz',	51,	'3af33a2f6f49483664cd14e8776f0b19',	'',	'user',	'',	'ToMm176@seznam.cz',	NULL,	NULL,	NULL,	NULL,	'',	1),
(36,	'Petr',	'Zedník',	'',	'muz',	52,	'582c621a84c27a3cf4cf6e4a26dd8206',	'',	'user',	'606650474',	'autoopravna.zednik@seznam.cz',	NULL,	NULL,	NULL,	NULL,	'',	1),
(37,	'Antonin',	'Drbal',	'',	'muz',	23,	'3e7296322a9bb3445ff00299061b1bd9',	'',	'user',	'Antonin Drbal\r\n606440111',	'tonda.drbal@seznam.cz',	NULL,	NULL,	NULL,	NULL,	'',	1),
(38,	'Veronika',	'Křížová',	'',	'muz',	27,	'c81b0bb9310ac75fdc3e1fa31f569678',	'',	'user',	'',	'Verunka-krizova@seznam.cz',	NULL,	NULL,	NULL,	NULL,	'',	1),
(39,	'Mirek',	'Koudy',	'',	'muz',	45,	'83a0f11a53b9c43c52c42b4711f26089',	'',	'user',	'',	'koudelka.leseni@seznam.cz',	NULL,	NULL,	NULL,	NULL,	'',	1),
(40,	'Klára',	'Mašková',	'',	'muz',	16,	'95f4418626fce7b1c20fd26b53c76aad',	'',	'user',	'',	'Maskova.Klara@seznam.cz',	NULL,	NULL,	NULL,	NULL,	'',	1),
(41,	'Petr',	'Bartel',	'',	'muz',	15,	'00b98de88e9f56a2c936391b2bb9d348',	'',	'user',	'Petr Bartel tel.606940991',	'bartelici@seznam.cz',	NULL,	NULL,	NULL,	NULL,	'',	1),
(42,	'Vladislava',	'Rožcová',	'',	'muz',	15,	'feef402a1b341f1d80322760950a2dae',	'',	'user',	'',	'rozec@email.cz',	NULL,	NULL,	NULL,	NULL,	'',	1);

INSERT INTO `vysledky` (`id`, `id_druzstva`, `id_ucasti`, `lepsi_terc`, `lepsi_cas`, `vysledny_cas`, `body`, `umisteni`, `platne_casy`, `platne_body`) VALUES
(1,	2,	2,	'',	0.00,	28.95,	19,	2,	1,	1),
(3,	1,	2,	'',	0.00,	26.93,	20,	1,	1,	1),
(4,	3,	2,	'',	0.00,	29.14,	18,	3,	1,	1),
(5,	4,	2,	'',	0.00,	31.33,	17,	4,	1,	1),
(6,	5,	2,	'',	0.00,	34.58,	16,	5,	1,	1),
(7,	6,	2,	'',	0.00,	35.30,	15,	6,	1,	1),
(8,	7,	2,	'',	0.00,	35.53,	14,	7,	1,	1),
(9,	8,	2,	'',	0.00,	35.61,	13,	8,	1,	1),
(10,	9,	2,	'',	0.00,	36.19,	12,	9,	1,	1),
(11,	10,	2,	'',	0.00,	37.55,	11,	10,	1,	1),
(13,	11,	2,	'',	0.00,	39.06,	10,	11,	1,	1),
(14,	12,	2,	'',	0.00,	40.13,	9,	12,	1,	1),
(15,	13,	2,	'',	0.00,	47.52,	8,	13,	1,	1),
(16,	14,	2,	'',	0.00,	51.47,	7,	14,	1,	1),
(17,	15,	2,	'',	0.00,	61.72,	6,	15,	1,	1),
(26,	8,	4,	'',	0.00,	32.54,	20,	1,	1,	1),
(27,	1,	4,	'',	0.00,	34.09,	19,	2,	1,	1),
(29,	5,	4,	'',	0.00,	34.40,	18,	3,	1,	1),
(30,	7,	4,	'',	0.00,	35.12,	17,	4,	1,	1),
(31,	2,	4,	'',	0.00,	36.31,	16,	5,	1,	1),
(32,	10,	4,	'',	0.00,	36.33,	15,	6,	1,	1),
(33,	4,	4,	'',	0.00,	37.79,	14,	7,	1,	1),
(34,	9,	4,	'',	0.00,	38.34,	13,	8,	1,	1),
(35,	16,	4,	'',	0.00,	39.60,	12,	9,	1,	1),
(36,	14,	4,	'',	0.00,	40.08,	11,	10,	1,	1),
(37,	11,	4,	'',	0.00,	41.78,	10,	11,	1,	1),
(39,	13,	4,	'',	0.00,	45.41,	9,	12,	1,	1),
(40,	6,	4,	'',	0.00,	48.30,	8,	13,	1,	1),
(41,	12,	4,	'',	0.00,	53.83,	7,	14,	1,	1),
(46,	17,	3,	'',	0.00,	33.05,	15,	1,	1,	1),
(47,	18,	3,	'',	0.00,	36.82,	14,	2,	1,	1),
(48,	19,	3,	'',	0.00,	37.72,	13,	3,	1,	1),
(49,	20,	3,	'',	0.00,	44.66,	12,	4,	1,	1),
(50,	24,	3,	'',	0.00,	45.52,	11,	5,	1,	1),
(51,	25,	3,	'',	0.00,	65.95,	10,	6,	1,	1),
(52,	26,	3,	'',	0.00,	67.09,	9,	7,	1,	1),
(53,	26,	5,	'',	0.00,	48.39,	12,	4,	1,	1),
(54,	24,	5,	'',	0.00,	43.12,	15,	1,	1,	1),
(55,	18,	5,	'',	0.00,	44.49,	14,	2,	1,	1),
(56,	19,	5,	'',	0.00,	44.80,	13,	3,	1,	1),
(58,	25,	5,	'',	0.00,	54.50,	11,	5,	1,	1),
(59,	20,	5,	'',	0.00,	55.99,	10,	6,	1,	1),
(60,	17,	5,	'',	0.00,	56.77,	9,	7,	1,	1),
(61,	3,	6,	'',	0.00,	26.87,	20,	1,	1,	1),
(62,	4,	6,	'',	0.00,	31.09,	19,	2,	1,	1),
(63,	27,	6,	'',	0.00,	33.40,	18,	3,	1,	1),
(64,	11,	6,	'',	0.00,	33.47,	17,	4,	1,	1),
(65,	2,	6,	'',	0.00,	33.81,	16,	5,	1,	1),
(66,	6,	6,	'',	0.00,	34.89,	15,	6,	1,	1),
(67,	1,	6,	'',	0.00,	38.23,	14,	7,	1,	1),
(68,	12,	6,	'',	0.00,	39.55,	13,	8,	1,	1),
(69,	28,	6,	'',	0.00,	40.82,	12,	9,	1,	1),
(70,	29,	6,	'',	0.00,	43.28,	11,	10,	1,	1),
(71,	30,	6,	'',	0.00,	46.83,	10,	11,	1,	1),
(72,	15,	6,	'',	0.00,	54.90,	9,	12,	1,	1),
(73,	9,	6,	'',	0.00,	61.95,	8,	13,	1,	1),
(74,	13,	6,	'',	0.00,	1000.00,	0,	14,	1,	1),
(75,	31,	6,	'',	0.00,	1000.00,	0,	14,	1,	1),
(77,	17,	7,	'',	0.00,	38.35,	15,	1,	1,	1),
(78,	32,	7,	'',	0.00,	40.87,	14,	2,	1,	1),
(79,	33,	7,	'',	0.00,	43.52,	13,	3,	1,	1),
(80,	20,	7,	'',	0.00,	44.85,	12,	4,	1,	1),
(81,	19,	7,	'',	0.00,	59.73,	11,	5,	1,	1),
(82,	34,	7,	'',	0.00,	1000.00,	0,	7,	1,	1),
(85,	17,	9,	'',	0.00,	33.53,	15,	1,	1,	1),
(86,	32,	9,	'',	0.00,	36.82,	14,	2,	1,	1),
(87,	20,	9,	'',	0.00,	41.97,	13,	3,	1,	1),
(88,	34,	9,	'',	0.00,	67.76,	11,	5,	1,	1),
(89,	33,	9,	'',	0.00,	1000.00,	0,	6,	1,	1),
(90,	19,	9,	'',	0.00,	1000.00,	0,	6,	1,	1),
(91,	2,	8,	'',	0.00,	30.31,	20,	1,	1,	1),
(92,	27,	8,	'',	0.00,	30.48,	19,	2,	1,	1),
(93,	1,	8,	'',	0.00,	31.26,	18,	3,	1,	1),
(94,	3,	8,	'',	0.00,	32.61,	17,	4,	1,	1),
(95,	4,	8,	'',	0.00,	32.99,	16,	5,	1,	1),
(96,	12,	8,	'',	0.00,	35.09,	15,	6,	1,	1),
(97,	28,	8,	'',	0.00,	38.39,	14,	7,	1,	1),
(98,	15,	8,	'',	0.00,	41.32,	13,	8,	1,	1),
(99,	30,	8,	'',	0.00,	44.46,	11,	10,	1,	1),
(100,	13,	8,	'',	0.00,	47.00,	10,	11,	1,	1),
(101,	29,	8,	'',	0.00,	54.15,	9,	12,	1,	1),
(102,	31,	8,	'',	0.00,	58.93,	8,	13,	1,	1),
(103,	9,	8,	'',	0.00,	1000.00,	0,	14,	1,	1),
(104,	11,	8,	'',	0.00,	1000.00,	0,	14,	1,	1),
(105,	6,	8,	'',	0.00,	41.71,	12,	9,	1,	1),
(107,	26,	9,	'',	0.00,	49.65,	12,	4,	1,	1),
(108,	26,	7,	'',	0.00,	66.35,	10,	6,	1,	1),
(109,	1,	10,	'',	0.00,	27.20,	20,	1,	1,	1),
(110,	2,	10,	'',	0.00,	32.26,	19,	2,	1,	1),
(111,	6,	10,	'',	0.00,	33.18,	18,	3,	1,	1),
(112,	3,	10,	'',	0.00,	33.47,	17,	4,	1,	1),
(113,	10,	10,	'',	0.00,	38.14,	16,	5,	1,	1),
(114,	27,	10,	'',	0.00,	42.03,	15,	6,	1,	1),
(115,	9,	10,	'',	0.00,	109.38,	14,	7,	1,	1),
(116,	4,	10,	'',	0.00,	117.99,	13,	8,	1,	1),
(117,	35,	10,	'',	0.00,	1000.00,	0,	9,	1,	1),
(119,	2,	12,	'',	0.00,	29.49,	20,	1,	1,	1),
(120,	3,	12,	'',	0.00,	31.35,	19,	2,	1,	1),
(121,	1,	12,	'',	0.00,	33.64,	18,	3,	1,	1),
(122,	10,	12,	'',	0.00,	33.83,	17,	4,	1,	1),
(123,	9,	12,	'',	0.00,	35.35,	16,	5,	1,	1),
(124,	4,	12,	'',	0.00,	39.67,	14,	7,	1,	1),
(125,	35,	12,	'',	0.00,	61.08,	13,	8,	1,	1),
(126,	27,	12,	'',	0.00,	1000.00,	0,	9,	1,	1),
(128,	6,	12,	'',	0.00,	37.19,	15,	6,	1,	1),
(130,	36,	11,	'',	0.00,	31.64,	15,	1,	1,	1),
(131,	19,	11,	'',	0.00,	38.88,	14,	2,	1,	1),
(132,	37,	11,	'',	0.00,	48.67,	12,	4,	1,	1),
(133,	17,	11,	'',	0.00,	65.33,	11,	5,	1,	1),
(134,	20,	11,	'',	0.00,	74.07,	10,	6,	1,	1),
(135,	40,	11,	'',	0.00,	82.65,	9,	7,	1,	1),
(136,	26,	11,	'',	0.00,	47.38,	13,	3,	1,	1),
(137,	26,	13,	'',	0.00,	42.08,	14,	2,	1,	1),
(138,	17,	13,	'',	0.00,	41.05,	15,	1,	1,	1),
(139,	36,	13,	'',	0.00,	45.65,	13,	3,	1,	1),
(140,	25,	13,	'',	0.00,	56.22,	12,	4,	1,	1),
(141,	37,	13,	'',	0.00,	60.25,	11,	5,	1,	1),
(142,	19,	13,	'',	0.00,	60.45,	10,	6,	1,	1),
(143,	20,	13,	'',	0.00,	67.30,	9,	7,	1,	1),
(144,	3,	4,	'',	0.00,	58.52,	6,	15,	1,	1),
(145,	15,	4,	'',	0.00,	1000.00,	0,	16,	1,	1),
(146,	16,	2,	'',	0.00,	1000.00,	0,	16,	1,	1),
(147,	5,	14,	'',	0.00,	23.58,	20,	1,	1,	1),
(148,	2,	14,	'',	0.00,	26.28,	19,	2,	1,	1),
(149,	28,	14,	'',	0.00,	30.57,	18,	3,	1,	1),
(150,	3,	14,	'',	0.00,	31.05,	17,	4,	1,	1),
(151,	4,	14,	'',	0.00,	31.96,	16,	5,	1,	1),
(152,	1,	14,	'',	0.00,	31.96,	16,	5,	1,	1),
(153,	13,	14,	'',	0.00,	32.83,	14,	7,	1,	1),
(154,	14,	14,	'',	0.00,	39.61,	13,	8,	1,	1),
(155,	11,	14,	'',	0.00,	68.42,	12,	9,	1,	1),
(156,	6,	14,	'',	0.00,	1000.00,	0,	10,	1,	1),
(157,	6,	16,	'',	0.00,	61.66,	11,	10,	1,	1),
(158,	5,	16,	'',	0.00,	29.48,	20,	1,	1,	1),
(159,	4,	16,	'',	0.00,	30.92,	19,	2,	1,	1),
(160,	28,	16,	'',	0.00,	32.25,	18,	3,	1,	1),
(161,	11,	16,	'',	0.00,	32.41,	17,	4,	1,	1),
(162,	1,	16,	'',	0.00,	32.49,	16,	5,	1,	1),
(163,	2,	16,	'',	0.00,	33.32,	15,	6,	1,	1),
(164,	3,	16,	'',	0.00,	36.99,	14,	7,	1,	1),
(165,	13,	16,	'',	0.00,	40.14,	13,	8,	1,	1),
(166,	14,	16,	'',	0.00,	45.06,	12,	9,	1,	1),
(167,	26,	15,	'',	0.00,	45.94,	10,	6,	1,	1),
(168,	17,	15,	'',	0.00,	29.19,	15,	1,	1,	1),
(169,	19,	15,	'',	0.00,	34.56,	14,	2,	1,	1),
(170,	20,	15,	'',	0.00,	36.09,	13,	3,	1,	1),
(171,	32,	15,	'',	0.00,	41.79,	12,	4,	1,	1),
(172,	41,	15,	'',	0.00,	42.75,	11,	5,	1,	1),
(173,	24,	15,	'',	0.00,	50.57,	9,	7,	1,	1),
(174,	40,	15,	'',	0.00,	1000.00,	0,	8,	1,	1),
(175,	26,	17,	'',	0.00,	38.02,	14,	2,	1,	1),
(176,	24,	17,	'',	0.00,	30.37,	15,	1,	1,	1),
(177,	41,	17,	'',	0.00,	45.35,	13,	3,	1,	1),
(178,	40,	17,	'',	0.00,	46.53,	12,	4,	1,	1),
(179,	19,	17,	'',	0.00,	46.59,	11,	5,	1,	1),
(180,	20,	17,	'',	0.00,	53.65,	10,	6,	1,	1),
(181,	17,	17,	'',	0.00,	1000.00,	0,	7,	1,	1),
(182,	26,	19,	'',	0.00,	34.29,	13,	3,	1,	1),
(183,	24,	19,	'',	0.00,	27.80,	15,	1,	1,	1),
(184,	17,	19,	'',	0.00,	28.25,	14,	2,	1,	1),
(185,	40,	19,	'',	0.00,	36.36,	12,	4,	1,	1),
(186,	19,	19,	'',	0.00,	42.78,	11,	5,	1,	1),
(187,	25,	19,	'',	0.00,	51.17,	10,	6,	1,	1),
(188,	43,	19,	'',	0.00,	57.17,	9,	7,	1,	1),
(189,	20,	19,	'',	0.00,	1000.00,	0,	8,	1,	1),
(190,	26,	21,	'',	0.00,	41.83,	9,	7,	1,	1),
(191,	17,	21,	'',	0.00,	29.51,	15,	1,	1,	1),
(192,	24,	21,	'',	0.00,	31.84,	14,	2,	1,	1),
(193,	40,	21,	'',	0.00,	32.29,	13,	3,	1,	1),
(194,	19,	21,	'',	0.00,	37.00,	12,	4,	1,	1),
(195,	20,	21,	'',	0.00,	40.16,	11,	5,	1,	1),
(196,	25,	21,	'',	0.00,	40.48,	10,	6,	1,	1),
(197,	43,	21,	'',	0.00,	62.05,	8,	8,	1,	1),
(198,	1,	18,	'',	0.00,	27.22,	20,	1,	1,	1),
(199,	2,	18,	'',	0.00,	29.65,	19,	2,	1,	1),
(200,	4,	18,	'',	0.00,	30.08,	18,	3,	1,	1),
(201,	27,	18,	'',	0.00,	30.40,	17,	4,	1,	1),
(202,	6,	18,	'',	0.00,	33.05,	16,	5,	1,	1),
(203,	10,	18,	'',	0.00,	33.38,	15,	6,	1,	1),
(204,	9,	18,	'',	0.00,	33.46,	14,	7,	1,	1),
(205,	3,	18,	'',	0.00,	34.19,	13,	8,	1,	1),
(206,	42,	18,	'',	0.00,	39.35,	12,	9,	1,	1),
(207,	12,	18,	'',	0.00,	45.46,	11,	10,	1,	1),
(208,	11,	18,	'',	0.00,	62.57,	10,	11,	1,	1),
(209,	6,	20,	'',	0.00,	34.61,	17,	4,	1,	1),
(210,	4,	20,	'',	0.00,	31.57,	20,	1,	1,	1),
(211,	3,	20,	'',	0.00,	31.59,	19,	2,	1,	1),
(212,	1,	20,	'',	0.00,	32.47,	18,	3,	1,	1),
(213,	10,	20,	'',	0.00,	36.62,	16,	5,	1,	1),
(214,	2,	20,	'',	0.00,	44.06,	15,	6,	1,	1),
(215,	9,	20,	'',	0.00,	44.33,	14,	7,	1,	1),
(216,	11,	20,	'',	0.00,	47.58,	13,	8,	1,	1),
(217,	12,	20,	'',	0.00,	48.83,	12,	9,	1,	1),
(218,	42,	20,	'',	0.00,	57.23,	11,	10,	1,	1),
(219,	27,	20,	'',	0.00,	1000.00,	0,	11,	1,	1),
(220,	1,	22,	'',	0.00,	24.37,	20,	1,	1,	1),
(221,	44,	22,	'',	0.00,	25.01,	19,	2,	1,	1),
(222,	3,	22,	'',	0.00,	30.25,	18,	3,	1,	1),
(223,	2,	22,	'',	0.00,	31.78,	17,	4,	1,	1),
(224,	11,	22,	'',	0.00,	33.44,	16,	5,	1,	1),
(225,	9,	22,	'',	0.00,	38.80,	15,	6,	1,	1),
(226,	4,	22,	'',	0.00,	45.25,	14,	7,	1,	1),
(227,	6,	22,	'',	0.00,	49.59,	13,	8,	1,	1),
(228,	13,	22,	'',	0.00,	51.64,	12,	9,	1,	1),
(229,	14,	22,	'',	0.00,	55.82,	11,	10,	1,	1),
(230,	27,	22,	'',	0.00,	1000.00,	0,	11,	1,	1),
(231,	6,	24,	'',	0.00,	38.35,	14,	7,	1,	1),
(232,	1,	24,	'',	0.00,	27.31,	20,	1,	1,	1),
(233,	2,	24,	'',	0.00,	29.69,	19,	2,	1,	1),
(234,	44,	24,	'',	0.00,	30.86,	18,	3,	1,	1),
(235,	4,	24,	'',	0.00,	32.33,	17,	4,	1,	1),
(236,	27,	24,	'',	0.00,	34.36,	16,	5,	1,	1),
(237,	9,	24,	'',	0.00,	36.72,	15,	6,	1,	1),
(238,	14,	24,	'',	0.00,	41.57,	13,	8,	1,	1),
(239,	13,	24,	'',	0.00,	46.48,	12,	9,	1,	1),
(240,	11,	24,	'',	0.00,	48.98,	11,	10,	1,	1),
(241,	3,	24,	'',	0.00,	1000.00,	0,	11,	1,	1),
(242,	26,	23,	'',	0.00,	49.56,	9,	7,	1,	1),
(243,	17,	23,	'',	0.00,	32.85,	15,	1,	1,	1),
(244,	20,	23,	'',	0.00,	34.22,	14,	2,	1,	1),
(245,	24,	23,	'',	0.00,	36.56,	13,	3,	1,	1),
(246,	40,	23,	'',	0.00,	38.22,	12,	4,	1,	1),
(247,	41,	23,	'',	0.00,	39.23,	11,	5,	1,	1),
(248,	19,	23,	'',	0.00,	49.48,	10,	6,	1,	1),
(249,	26,	25,	'',	0.00,	36.37,	14,	2,	1,	1),
(250,	17,	25,	'',	0.00,	33.86,	15,	1,	1,	1),
(251,	19,	25,	'',	0.00,	36.47,	13,	3,	1,	1),
(252,	41,	25,	'',	0.00,	36.58,	12,	4,	1,	1),
(253,	40,	25,	'',	0.00,	42.46,	11,	5,	1,	1),
(254,	20,	25,	'',	0.00,	70.74,	10,	6,	1,	1),
(255,	24,	25,	'',	0.00,	1000.00,	0,	7,	1,	1),
(256,	40,	13,	'',	0.00,	76.14,	8,	8,	1,	1),
(257,	32,	17,	'',	0.00,	1000.00,	0,	7,	1,	1),
(259,	45,	70,	'p',	24.12,	25.77,	15,	1,	1,	1),
(260,	3,	70,	'p',	24.45,	26.54,	14,	2,	1,	1),
(261,	8,	70,	'l',	27.70,	29.45,	13,	3,	1,	1),
(262,	5,	70,	'p',	28.35,	29.76,	12,	4,	1,	1),
(263,	4,	70,	'p',	30.89,	33.38,	11,	5,	1,	1),
(264,	1,	70,	'l',	29.95,	34.34,	10,	6,	1,	1),
(265,	6,	70,	'l',	36.44,	36.55,	9,	7,	1,	1),
(266,	46,	70,	'l',	35.10,	36.81,	8,	8,	1,	1),
(267,	28,	70,	'l',	34.29,	37.01,	7,	9,	1,	1),
(268,	7,	70,	'p',	36.91,	41.98,	6,	10,	1,	1),
(269,	2,	70,	'p',	41.28,	43.50,	5,	11,	1,	1),
(270,	52,	70,	'p',	40.10,	45.84,	4,	12,	1,	1),
(271,	13,	70,	'l',	43.65,	48.97,	3,	13,	1,	1),
(272,	27,	70,	'p',	46.83,	56.09,	2,	14,	1,	1),
(273,	14,	70,	NULL,	NULL,	1000.00,	0,	15,	1,	1),
(274,	36,	27,	'p',	24.04,	26.73,	10,	1,	1,	1),
(275,	17,	27,	'p',	28.41,	30.73,	9,	2,	1,	1),
(276,	24,	27,	'l',	28.17,	31.18,	8,	3,	1,	1),
(277,	26,	27,	'l',	38.38,	42.14,	7,	4,	1,	1),
(278,	32,	27,	'l',	48.99,	49.36,	6,	5,	1,	1),
(279,	20,	27,	'l',	44.96,	52.43,	5,	6,	1,	1),
(280,	48,	27,	'l',	34.90,	54.84,	4,	7,	1,	1),
(281,	47,	27,	'l',	50.51,	64.53,	3,	8,	1,	1),
(282,	41,	27,	'p',	58.75,	64.95,	2,	9,	1,	1),
(283,	19,	27,	'p',	72.65,	88.04,	1,	10,	1,	1),
(284,	3,	28,	'l',	26.48,	30.22,	15,	1,	1,	1),
(285,	45,	28,	'l',	28.81,	31.56,	14,	2,	1,	1),
(286,	46,	28,	'l',	28.41,	33.44,	13,	3,	1,	1),
(287,	8,	28,	'l',	34.19,	34.50,	12,	4,	1,	1),
(288,	27,	28,	'l',	34.73,	34.93,	11,	5,	1,	1),
(289,	4,	28,	'p',	34.01,	35.29,	10,	6,	1,	1),
(290,	5,	28,	'l',	34.21,	36.59,	9,	7,	1,	1),
(291,	14,	28,	'l',	42.20,	44.73,	8,	8,	1,	1),
(292,	2,	28,	'p',	32.21,	47.16,	7,	9,	1,	1),
(293,	7,	28,	'l',	43.75,	49.65,	6,	10,	1,	1),
(294,	13,	28,	'l',	45.01,	50.30,	5,	11,	1,	1),
(295,	28,	28,	'l',	39.35,	50.84,	4,	12,	1,	1),
(296,	6,	28,	'l',	51.52,	51.52,	3,	13,	1,	1),
(297,	1,	28,	'p',	45.35,	53.91,	2,	14,	1,	1),
(298,	52,	28,	'p',	62.99,	67.75,	1,	15,	1,	1),
(299,	48,	29,	'p',	33.37,	35.01,	10,	1,	1,	1),
(300,	17,	29,	'p',	34.25,	35.69,	9,	2,	1,	1),
(301,	36,	29,	'l',	32.59,	39.14,	8,	3,	1,	1),
(302,	26,	29,	'l',	38.50,	40.77,	7,	4,	1,	1),
(303,	20,	29,	'l',	42.29,	45.16,	6,	5,	1,	1),
(304,	32,	29,	'l',	41.80,	45.89,	5,	6,	1,	1),
(305,	47,	29,	'p',	39.50,	47.26,	4,	7,	1,	1),
(306,	24,	29,	'l',	41.48,	53.08,	3,	8,	1,	1),
(307,	41,	29,	'l',	43.16,	53.90,	2,	9,	1,	1),
(308,	19,	29,	'l',	42.40,	55.39,	1,	10,	1,	1),
(309,	5,	71,	'p',	24.77,	25.91,	15,	1,	1,	1),
(310,	3,	71,	'l',	23.70,	26.71,	14,	2,	1,	1),
(311,	46,	71,	'p',	25.61,	26.82,	13,	3,	1,	1),
(312,	45,	71,	'p',	29.17,	30.89,	12,	4,	1,	1),
(313,	27,	71,	'l',	32.51,	33.63,	11,	5,	1,	1),
(314,	13,	71,	'p',	30.85,	34.14,	10,	6,	1,	1),
(315,	4,	71,	'p',	34.80,	36.50,	9,	7,	1,	1),
(316,	11,	71,	'p',	33.90,	36.94,	8,	8,	1,	1),
(317,	2,	71,	'p',	32.06,	41.91,	7,	9,	1,	1),
(318,	10,	71,	'p',	39.73,	43.74,	6,	10,	1,	1),
(319,	6,	71,	'l',	37.80,	50.49,	5,	11,	1,	1),
(320,	29,	71,	'p',	51.43,	53.14,	4,	12,	1,	1),
(321,	1,	71,	'',	0.00,	1000.00,	0,	13,	1,	1),
(322,	15,	71,	'',	0.00,	1000.00,	0,	13,	1,	1),
(323,	27,	32,	'l',	24.49,	25.57,	15,	1,	1,	1),
(324,	45,	32,	'p',	25.41,	25.82,	14,	2,	1,	1),
(325,	46,	32,	'l',	26.15,	28.52,	13,	3,	1,	1),
(326,	5,	32,	'l',	28.07,	29.49,	12,	4,	1,	1),
(327,	6,	32,	'l',	29.66,	31.12,	11,	5,	1,	1),
(328,	4,	32,	'p',	29.81,	32.52,	10,	6,	1,	1),
(329,	11,	32,	'p',	31.75,	33.78,	9,	7,	1,	1),
(330,	10,	32,	'l',	31.48,	35.01,	8,	8,	1,	1),
(331,	3,	32,	'p',	41.96,	42.10,	7,	9,	1,	1),
(332,	2,	32,	'p',	34.05,	42.68,	6,	10,	1,	1),
(333,	1,	32,	'l',	48.45,	49.07,	5,	11,	1,	1),
(334,	15,	32,	'p',	49.68,	52.49,	4,	12,	1,	1),
(335,	13,	32,	'p',	43.93,	52.76,	3,	13,	1,	1),
(336,	29,	32,	'p',	54.29,	54.66,	2,	14,	1,	1),
(337,	24,	31,	'l',	26.64,	27.99,	10,	1,	1,	1),
(338,	36,	31,	'p',	27.85,	31.25,	9,	2,	1,	1),
(339,	48,	31,	'l',	29.90,	32.64,	8,	3,	1,	1),
(340,	17,	31,	'l',	33.10,	35.00,	7,	4,	1,	1),
(341,	26,	31,	'l',	37.33,	38.25,	6,	5,	1,	1),
(342,	33,	31,	'l',	38.76,	41.59,	5,	6,	1,	1),
(343,	19,	31,	'l',	58.39,	62.59,	4,	7,	1,	1),
(344,	25,	31,	'',	0.00,	1000.00,	0,	8,	1,	1),
(345,	24,	33,	'l',	29.52,	30.33,	10,	1,	1,	1),
(346,	48,	33,	'l',	29.95,	31.47,	9,	2,	1,	1),
(347,	36,	33,	'p',	30.75,	34.35,	8,	3,	1,	1),
(348,	17,	33,	'l',	36.36,	39.05,	7,	4,	1,	1),
(349,	19,	33,	'l',	36.57,	39.25,	6,	5,	1,	1),
(350,	26,	33,	'l',	40.07,	41.04,	5,	6,	1,	1),
(351,	33,	33,	'p',	46.73,	47.96,	4,	7,	1,	1),
(352,	25,	33,	'l',	34.45,	48.56,	3,	8,	1,	1),
(353,	47,	35,	'',	0.00,	21.97,	10,	1,	1,	1),
(354,	17,	35,	'',	0.00,	22.01,	9,	2,	1,	1),
(355,	48,	35,	'',	0.00,	23.03,	8,	3,	1,	1),
(356,	41,	35,	'',	0.00,	34.44,	7,	4,	1,	1),
(357,	24,	35,	'',	0.00,	40.72,	6,	5,	1,	1),
(358,	19,	35,	'',	0.00,	53.56,	5,	6,	1,	1),
(359,	36,	35,	'',	0.00,	1000.00,	0,	7,	1,	1),
(360,	45,	36,	'',	0.00,	22.08,	11,	5,	1,	1),
(361,	3,	36,	'',	0.00,	21.03,	14,	2,	1,	1),
(362,	5,	36,	'',	0.00,	25.76,	5,	11,	1,	1),
(363,	46,	36,	'',	0.00,	20.99,	15,	1,	1,	1),
(364,	27,	36,	'',	0.00,	21.54,	12,	4,	1,	1),
(365,	2,	36,	'',	0.00,	21.45,	13,	3,	1,	1),
(366,	4,	36,	'',	0.00,	23.04,	9,	7,	1,	1),
(367,	7,	36,	'',	0.00,	28.31,	3,	13,	1,	1),
(368,	13,	36,	'',	0.00,	36.18,	2,	14,	1,	1),
(369,	8,	36,	'',	0.00,	23.59,	8,	8,	1,	1),
(370,	6,	36,	'',	0.00,	26.84,	4,	12,	1,	1),
(371,	11,	36,	'',	0.00,	22.81,	10,	6,	1,	1),
(372,	1,	36,	'',	0.00,	24.11,	6,	10,	1,	1),
(373,	57,	36,	'',	0.00,	24.04,	7,	9,	1,	1),
(374,	47,	37,	'',	0.00,	47.35,	5,	6,	1,	1),
(375,	17,	37,	'',	0.00,	25.22,	8,	3,	1,	1),
(376,	48,	37,	'',	0.00,	25.75,	7,	4,	1,	1),
(377,	41,	37,	'',	0.00,	1000.00,	0,	7,	1,	1),
(378,	24,	37,	'',	0.00,	24.31,	9,	2,	1,	1),
(379,	19,	37,	'',	0.00,	34.51,	6,	5,	1,	1),
(380,	36,	37,	'',	0.00,	22.59,	10,	1,	1,	1),
(381,	45,	72,	'',	0.00,	19.26,	15,	1,	1,	1),
(382,	3,	72,	'',	0.00,	19.69,	14,	2,	1,	1),
(383,	5,	72,	'',	0.00,	19.81,	13,	3,	1,	1),
(384,	46,	72,	'',	0.00,	21.24,	12,	4,	1,	1),
(385,	27,	72,	'',	0.00,	23.11,	11,	5,	1,	1),
(386,	2,	72,	'',	0.00,	23.53,	10,	6,	1,	1),
(387,	4,	72,	'',	0.00,	23.57,	9,	7,	1,	1),
(388,	7,	72,	'',	0.00,	26.95,	8,	8,	1,	1),
(389,	13,	72,	'',	0.00,	30.96,	7,	9,	1,	1),
(390,	8,	72,	'',	0.00,	32.53,	6,	10,	1,	1),
(391,	6,	72,	'',	0.00,	35.26,	5,	11,	1,	1),
(392,	11,	72,	'',	0.00,	43.74,	4,	12,	1,	1),
(393,	1,	72,	'',	0.00,	77.43,	3,	13,	1,	1),
(394,	57,	72,	'',	0.00,	1000.00,	0,	14,	1,	1),
(395,	3,	73,	'l',	22.12,	23.12,	15,	1,	1,	1),
(396,	5,	73,	'l',	22.41,	23.70,	14,	2,	1,	1),
(397,	45,	73,	'p',	22.97,	23.90,	13,	3,	1,	1),
(398,	2,	73,	'p',	24.47,	30.71,	12,	4,	1,	1),
(399,	46,	73,	'l',	28.20,	34.36,	11,	5,	1,	1),
(400,	10,	73,	'p',	35.79,	39.95,	10,	6,	1,	1),
(401,	27,	73,	'p',	38.40,	40.75,	9,	7,	1,	1),
(402,	1,	73,	'p',	43.22,	43.44,	8,	8,	1,	1),
(403,	35,	73,	'p',	47.49,	50.34,	7,	9,	1,	1),
(404,	4,	73,	'p',	47.76,	51.10,	6,	10,	1,	1),
(405,	11,	73,	'l',	48.27,	57.30,	5,	11,	1,	1),
(406,	3,	40,	'l',	25.94,	26.19,	15,	1,	1,	1),
(407,	45,	40,	'l',	25.90,	27.73,	14,	2,	1,	1),
(408,	27,	40,	'p',	29.10,	29.86,	13,	3,	1,	1),
(409,	11,	40,	'p',	29.10,	30.55,	12,	4,	1,	1),
(410,	57,	40,	'l',	30.35,	30.73,	11,	5,	1,	1),
(411,	10,	40,	'p',	28.39,	31.08,	10,	6,	1,	1),
(412,	46,	40,	'l',	27.39,	31.53,	9,	7,	1,	1),
(413,	2,	40,	'p',	30.75,	31.56,	8,	8,	1,	1),
(414,	4,	40,	'p',	30.75,	32.03,	7,	9,	1,	1),
(415,	1,	40,	'p',	33.86,	45.64,	6,	10,	1,	1),
(416,	35,	40,	'l',	52.31,	57.13,	5,	11,	1,	1),
(417,	24,	39,	'l',	23.90,	29.35,	10,	1,	1,	1),
(419,	48,	39,	'l',	26.38,	30.06,	9,	2,	1,	1),
(420,	36,	39,	'l',	27.60,	30.12,	8,	3,	1,	1),
(421,	25,	39,	'l',	36.39,	46.74,	7,	4,	1,	1),
(422,	37,	39,	'l',	43.74,	62.17,	6,	5,	1,	1),
(423,	17,	39,	'p',	48.42,	82.58,	5,	6,	1,	1),
(424,	19,	39,	'p',	52.17,	89.35,	4,	7,	1,	1),
(425,	48,	41,	'l',	27.38,	29.55,	10,	1,	1,	1),
(426,	36,	41,	'l',	29.74,	31.09,	9,	2,	1,	1),
(427,	24,	41,	'l',	34.20,	34.29,	8,	3,	1,	1),
(428,	17,	41,	'l',	30.88,	36.06,	7,	4,	1,	1),
(429,	25,	41,	'l',	33.99,	37.69,	6,	5,	1,	1),
(430,	19,	41,	'p',	41.03,	51.57,	5,	6,	1,	1),
(431,	37,	41,	'l',	48.43,	53.58,	4,	7,	1,	1),
(432,	63,	74,	'p',	19.02,	19.23,	15,	1,	1,	1),
(433,	3,	74,	'p',	19.03,	19.34,	14,	2,	1,	1),
(434,	45,	74,	'p',	19.84,	20.63,	13,	3,	1,	1),
(435,	27,	74,	'p',	21.34,	21.62,	12,	4,	1,	1),
(436,	64,	74,	'l',	19.93,	22.77,	11,	5,	1,	1),
(437,	4,	74,	'p',	22.96,	23.45,	10,	6,	1,	1),
(438,	7,	74,	'l',	25.71,	25.79,	9,	7,	1,	1),
(439,	46,	74,	'p',	24.59,	30.75,	8,	8,	1,	1),
(440,	58,	74,	'p',	30.78,	32.11,	7,	9,	1,	1),
(441,	57,	74,	'p',	32.91,	33.11,	6,	10,	1,	1),
(442,	35,	74,	'l',	30.01,	35.44,	5,	11,	1,	1),
(443,	6,	74,	'p',	35.49,	35.65,	4,	12,	1,	1),
(444,	2,	74,	'l',	29.42,	37.71,	3,	13,	1,	1),
(445,	28,	74,	'l',	40.04,	41.09,	2,	14,	1,	1),
(446,	65,	74,	'p',	42.54,	44.67,	1,	15,	1,	1),
(447,	1,	74,	'p',	43.45,	45.93,	0,	16,	1,	1),
(448,	5,	74,	'',	0.00,	1000.00,	0,	17,	1,	1),
(449,	46,	44,	'p',	20.48,	21.11,	15,	1,	1,	1),
(450,	45,	44,	'l',	21.49,	21.79,	14,	2,	1,	1),
(451,	63,	44,	'p',	22.33,	22.39,	13,	3,	1,	1),
(452,	5,	44,	'l',	22.90,	22.91,	12,	4,	1,	1),
(453,	4,	44,	'l',	22.73,	23.15,	11,	5,	1,	1),
(454,	3,	44,	'p',	21.12,	23.50,	10,	6,	1,	1),
(455,	64,	44,	'l',	23.34,	23.67,	9,	7,	1,	1),
(456,	7,	44,	'l',	23.71,	23.85,	8,	8,	1,	1),
(457,	28,	44,	'p',	23.68,	24.35,	7,	9,	1,	1),
(458,	2,	44,	'l',	25.32,	25.39,	6,	10,	1,	1),
(459,	1,	44,	'p',	25.28,	25.89,	5,	11,	1,	1),
(460,	58,	44,	'l',	25.71,	26.05,	4,	12,	1,	1),
(461,	6,	44,	'p',	27.32,	27.90,	3,	13,	1,	1),
(462,	27,	44,	'l',	27.78,	28.18,	2,	14,	1,	1),
(463,	57,	44,	'p',	31.29,	34.24,	1,	15,	1,	1),
(464,	35,	44,	'p',	29.43,	37.69,	0,	16,	1,	1),
(465,	65,	44,	'',	0.00,	1000.00,	0,	17,	1,	1),
(466,	59,	43,	'l',	18.39,	20.79,	10,	1,	1,	1),
(467,	48,	43,	'p',	20.50,	21.78,	9,	2,	1,	1),
(468,	17,	43,	'p',	22.56,	22.94,	8,	3,	1,	1),
(469,	62,	43,	'l',	28.22,	28.41,	7,	4,	1,	1),
(470,	19,	43,	'l',	26.74,	31.09,	6,	5,	1,	1),
(471,	24,	43,	'l',	20.01,	38.55,	5,	6,	1,	1),
(472,	33,	43,	'p',	41.77,	42.67,	4,	7,	1,	1),
(473,	36,	43,	'p',	58.32,	59.58,	3,	8,	1,	1),
(474,	17,	45,	'l',	24.25,	24.26,	10,	1,	1,	1),
(475,	19,	45,	'l',	26.67,	27.22,	9,	2,	1,	1),
(476,	24,	45,	'p',	26.35,	28.46,	8,	3,	1,	1),
(477,	48,	45,	'p',	26.84,	29.97,	7,	4,	1,	1),
(478,	36,	45,	'l',	34.41,	34.85,	6,	5,	1,	1),
(479,	33,	45,	'l',	36.68,	37.14,	5,	6,	1,	1),
(480,	62,	45,	'l',	36.75,	39.19,	4,	7,	1,	1),
(481,	59,	45,	'l',	40.25,	40.89,	3,	8,	1,	1),
(482,	3,	75,	'l',	24.67,	25.14,	15,	1,	1,	1),
(483,	5,	75,	'l',	25.45,	25.72,	14,	2,	1,	1),
(486,	46,	75,	'p',	25.93,	27.94,	12,	4,	1,	1),
(488,	45,	75,	'p',	23.97,	27.42,	13,	3,	1,	1),
(489,	58,	75,	'p',	27.46,	28.63,	11,	5,	1,	1),
(490,	4,	75,	'l',	28.60,	28.69,	10,	6,	1,	1),
(491,	7,	75,	'l',	33.43,	33.71,	9,	7,	1,	1),
(492,	2,	75,	'l',	31.61,	35.70,	8,	8,	1,	1),
(493,	6,	75,	'l',	38.13,	38.91,	7,	9,	1,	1),
(494,	1,	75,	'p',	40.66,	41.73,	6,	10,	1,	1),
(495,	57,	75,	'l',	43.02,	43.84,	5,	11,	1,	1),
(496,	67,	75,	'p',	34.49,	43.95,	4,	12,	1,	1),
(497,	15,	75,	'p',	44.57,	44.70,	3,	13,	1,	1),
(498,	13,	75,	'l',	36.05,	45.03,	2,	14,	1,	1),
(499,	68,	75,	'p',	44.69,	48.10,	1,	15,	1,	1),
(500,	27,	75,	'',	0.00,	1000.00,	0,	16,	1,	1),
(501,	3,	48,	'l',	24.26,	24.78,	15,	1,	1,	1),
(502,	46,	48,	'p',	26.13,	27.43,	14,	2,	1,	1),
(503,	2,	48,	'p',	28.45,	28.89,	13,	3,	1,	1),
(504,	5,	48,	'p',	26.84,	30.20,	12,	4,	1,	1),
(505,	45,	48,	'l',	26.77,	30.41,	11,	5,	1,	1),
(506,	13,	48,	'l',	30.97,	33.74,	10,	6,	1,	1),
(507,	57,	48,	'l',	31.26,	34.92,	9,	7,	1,	1),
(508,	4,	48,	'p',	29.20,	35.04,	8,	8,	1,	1),
(509,	15,	48,	'p',	34.27,	36.12,	7,	9,	1,	1),
(510,	7,	48,	'l',	32.58,	36.98,	6,	10,	1,	1),
(511,	58,	48,	'p',	36.96,	38.04,	5,	11,	1,	1),
(512,	68,	48,	'l',	41.49,	48.54,	4,	12,	1,	1),
(513,	6,	48,	'l',	57.43,	59.87,	3,	13,	1,	1),
(514,	1,	48,	'',	0.00,	1000.00,	0,	14,	1,	1),
(515,	27,	48,	'',	0.00,	1000.00,	0,	14,	1,	1),
(516,	67,	48,	'',	0.00,	1000.00,	0,	14,	1,	1),
(517,	24,	47,	'l',	26.26,	27.12,	10,	1,	1,	1),
(518,	36,	47,	'l',	25.63,	28.00,	9,	2,	1,	1),
(519,	48,	47,	'l',	26.42,	31.00,	8,	3,	1,	1),
(520,	17,	47,	'p',	32.91,	34.30,	7,	4,	1,	1),
(521,	70,	47,	'l',	38.37,	42.90,	6,	5,	1,	1),
(522,	41,	47,	'l',	36.40,	47.44,	5,	6,	1,	1),
(523,	19,	47,	'l',	31.37,	51.73,	4,	7,	1,	1),
(524,	48,	49,	'p',	28.06,	28.59,	10,	1,	1,	1),
(525,	36,	49,	'l',	29.11,	34.23,	9,	2,	1,	1),
(526,	17,	49,	'l',	32.98,	35.32,	8,	3,	1,	1),
(527,	41,	49,	'p',	42.18,	43.95,	7,	4,	1,	1),
(528,	19,	49,	'l',	56.49,	59.71,	6,	5,	1,	1),
(529,	70,	49,	'l',	46.40,	70.29,	5,	6,	1,	1),
(530,	24,	49,	'',	0.00,	1000.00,	0,	7,	1,	1),
(531,	5,	76,	'p',	23.73,	23.96,	15,	1,	1,	1),
(532,	46,	76,	'p',	25.37,	25.62,	14,	2,	1,	1),
(533,	3,	76,	'p',	26.30,	26.42,	13,	3,	1,	1),
(534,	45,	76,	'p',	26.34,	26.59,	12,	4,	1,	1),
(535,	27,	76,	'l',	27.45,	29.02,	11,	5,	1,	1),
(536,	2,	76,	'l',	24.74,	29.51,	10,	6,	1,	1),
(537,	58,	76,	'p',	31.07,	31.13,	9,	7,	1,	1),
(538,	11,	76,	'l',	30.03,	32.83,	8,	8,	1,	1),
(539,	4,	76,	'l',	27.91,	33.22,	7,	9,	1,	1),
(540,	6,	76,	'p',	34.43,	34.46,	6,	10,	1,	1),
(541,	57,	76,	'l',	33.70,	35.37,	5,	11,	1,	1),
(542,	1,	76,	'p',	37.98,	39.34,	4,	12,	1,	1),
(543,	67,	76,	'p',	40.41,	119.02,	3,	13,	1,	1),
(544,	45,	52,	'p',	23.54,	25.69,	15,	1,	1,	1),
(545,	3,	52,	'l',	23.76,	26.08,	14,	2,	1,	1),
(546,	58,	52,	'l',	26.07,	26.85,	13,	3,	1,	1),
(547,	5,	52,	'p',	24.60,	26.88,	12,	4,	1,	1),
(548,	46,	52,	'l',	25.90,	27.76,	11,	5,	1,	1),
(549,	4,	52,	'l',	26.78,	27.84,	10,	6,	1,	1),
(550,	57,	52,	'l',	26.30,	29.50,	9,	7,	1,	1),
(551,	1,	52,	'l',	27.48,	32.01,	8,	8,	1,	1),
(552,	6,	52,	'l',	32.65,	33.11,	7,	9,	1,	1),
(553,	2,	52,	'p',	29.25,	38.05,	6,	10,	1,	1),
(554,	11,	52,	'l',	38.78,	40.54,	5,	11,	1,	1),
(555,	27,	52,	'p',	44.14,	45.30,	4,	12,	1,	1),
(556,	67,	52,	'l',	52.73,	54.88,	3,	13,	1,	1),
(557,	17,	51,	'l',	27.60,	28.24,	10,	1,	1,	1),
(558,	24,	51,	'p',	27.99,	28.33,	9,	2,	1,	1),
(559,	48,	51,	'p',	27.76,	28.82,	8,	3,	1,	1),
(560,	36,	51,	'p',	27.39,	31.92,	7,	4,	1,	1),
(561,	66,	51,	'l',	34.76,	37.98,	6,	5,	1,	1),
(562,	19,	51,	'l',	28.66,	71.00,	5,	6,	1,	1),
(563,	24,	53,	'l',	26.94,	28.53,	10,	1,	1,	1),
(564,	36,	53,	'l',	27.18,	30.65,	9,	2,	1,	1),
(565,	48,	53,	'p',	32.53,	33.17,	8,	3,	1,	1),
(566,	19,	53,	'l',	32.64,	35.35,	7,	4,	1,	1),
(567,	17,	53,	'p',	35.52,	37.87,	6,	5,	1,	1),
(568,	66,	53,	'p',	36.25,	40.25,	5,	6,	1,	1),
(569,	3,	77,	'l',	23.25,	24.34,	15,	1,	1,	1),
(570,	2,	77,	'l',	24.16,	25.60,	14,	2,	1,	1),
(571,	45,	77,	'p',	24.33,	26.29,	13,	3,	1,	1),
(572,	4,	77,	'l',	26.09,	28.89,	12,	4,	1,	1),
(573,	1,	77,	'l',	28.61,	31.70,	11,	5,	1,	1),
(574,	46,	77,	'l',	37.13,	45.46,	10,	6,	1,	1),
(575,	74,	77,	'p',	44.16,	45.84,	9,	7,	1,	1),
(576,	67,	77,	'l',	41.73,	46.34,	8,	8,	1,	1),
(577,	42,	77,	'l',	38.56,	48.98,	7,	9,	1,	1),
(578,	12,	77,	'p',	54.38,	60.33,	6,	10,	1,	1),
(579,	71,	77,	'l',	67.33,	68.10,	5,	11,	1,	1),
(580,	13,	77,	'p',	61.83,	72.55,	4,	12,	1,	1),
(581,	57,	77,	'p',	68.10,	79.53,	3,	13,	1,	1),
(582,	5,	77,	'',	0.00,	1000.00,	0,	14,	1,	1),
(583,	4,	56,	'l',	25.99,	26.06,	15,	1,	1,	1),
(584,	3,	56,	'l',	29.14,	32.02,	14,	2,	1,	1),
(585,	46,	56,	'l',	29.71,	32.74,	13,	3,	1,	1),
(586,	67,	56,	'p',	30.62,	34.06,	12,	4,	1,	1),
(587,	2,	56,	'p',	31.63,	34.49,	11,	5,	1,	1),
(588,	57,	56,	'l',	30.11,	36.10,	10,	6,	1,	1),
(589,	45,	56,	'p',	37.15,	37.62,	9,	7,	1,	1),
(590,	42,	56,	'p',	35.93,	38.48,	8,	8,	1,	1),
(591,	71,	56,	'l',	36.69,	38.87,	7,	9,	1,	1),
(592,	12,	56,	'l',	35.86,	40.05,	6,	10,	1,	1),
(593,	5,	56,	'l',	36.70,	41.70,	5,	11,	1,	1),
(594,	1,	56,	'l',	42.23,	43.27,	4,	12,	1,	1),
(595,	74,	56,	'p',	60.94,	64.37,	3,	13,	1,	1),
(596,	13,	56,	'p',	58.42,	64.84,	2,	14,	1,	1),
(597,	36,	55,	'l',	30.26,	35.88,	10,	1,	1,	1),
(598,	17,	55,	'p',	33.19,	36.52,	9,	2,	1,	1),
(599,	47,	55,	'p',	37.78,	38.90,	8,	3,	1,	1),
(600,	24,	55,	'p',	35.01,	41.64,	7,	4,	1,	1),
(601,	19,	55,	'p',	44.23,	48.47,	6,	5,	1,	1),
(602,	73,	55,	'l',	60.50,	63.07,	5,	6,	1,	1),
(603,	48,	55,	'',	0.00,	1000.00,	0,	7,	1,	1),
(604,	36,	57,	'p',	28.03,	33.36,	10,	1,	1,	1),
(605,	19,	57,	'p',	37.99,	39.63,	9,	2,	1,	1),
(606,	47,	57,	'l',	35.47,	40.92,	8,	3,	1,	1),
(607,	24,	57,	'l',	41.93,	43.44,	7,	4,	1,	1),
(608,	17,	57,	'p',	34.89,	47.50,	6,	5,	1,	1),
(609,	48,	57,	'p',	31.40,	48.98,	5,	6,	1,	1),
(610,	73,	57,	'l',	52.32,	58.14,	4,	7,	1,	1),
(613,	45,	78,	'l',	26.19,	27.22,	15,	1,	1,	1),
(614,	3,	78,	'l',	26.40,	30.01,	14,	2,	1,	1),
(615,	58,	78,	'l',	30.76,	32.94,	13,	3,	1,	1),
(616,	4,	78,	'l',	31.97,	33.62,	12,	4,	1,	1),
(617,	46,	78,	'l',	27.29,	33.95,	11,	5,	1,	1),
(618,	1,	78,	'p',	33.73,	36.76,	10,	6,	1,	1),
(619,	5,	78,	'l',	28.15,	38.98,	9,	7,	1,	1),
(620,	57,	78,	'l',	37.94,	40.84,	8,	8,	1,	1),
(621,	7,	78,	'l',	37.27,	44.06,	7,	9,	1,	1),
(622,	42,	78,	'l',	36.58,	47.08,	6,	10,	1,	1),
(623,	35,	78,	'p',	49.60,	49.71,	5,	11,	1,	1),
(624,	67,	78,	'l',	52.37,	72.74,	4,	12,	1,	1),
(625,	2,	78,	'',	0.00,	1000.00,	0,	13,	1,	1),
(626,	3,	60,	'p',	23.45,	25.85,	15,	1,	1,	1),
(627,	46,	60,	'l',	26.03,	28.96,	14,	2,	1,	1),
(628,	57,	60,	'p',	27.35,	30.17,	13,	3,	1,	1),
(629,	4,	60,	'l',	28.53,	30.71,	12,	4,	1,	1),
(630,	67,	60,	'l',	32.09,	32.40,	11,	5,	1,	1),
(631,	2,	60,	'p',	34.16,	34.87,	10,	6,	1,	1),
(632,	1,	60,	'p',	33.72,	36.58,	9,	7,	1,	1),
(633,	45,	60,	'l',	27.15,	36.92,	8,	8,	1,	1),
(634,	42,	60,	'l',	30.91,	37.33,	7,	9,	1,	1),
(635,	7,	60,	'p',	39.30,	40.53,	6,	10,	1,	1),
(636,	58,	60,	'l',	43.98,	44.37,	5,	11,	1,	1),
(637,	35,	60,	'p',	30.37,	55.67,	4,	12,	1,	1),
(638,	24,	59,	'l',	24.03,	27.98,	10,	1,	1,	1),
(639,	36,	59,	'p',	26.80,	30.96,	9,	2,	1,	1),
(640,	47,	59,	'l',	28.61,	31.86,	8,	3,	1,	1),
(641,	17,	59,	'p',	32.62,	34.53,	7,	4,	1,	1),
(642,	75,	59,	'p',	34.39,	35.09,	6,	5,	1,	1),
(643,	70,	59,	'l',	36.40,	36.44,	5,	6,	1,	1),
(644,	19,	59,	'l',	37.37,	39.29,	4,	7,	1,	1),
(645,	37,	59,	'p',	39.38,	40.18,	3,	8,	1,	1),
(646,	48,	59,	'p',	54.63,	58.19,	2,	9,	1,	1),
(647,	43,	59,	'p',	56.65,	60.98,	1,	10,	1,	1),
(648,	41,	59,	'l',	100.93,	105.69,	0,	11,	1,	1),
(649,	48,	61,	'p',	28.29,	28.82,	10,	1,	1,	1),
(650,	75,	61,	'p',	33.07,	34.30,	9,	2,	1,	1),
(651,	19,	61,	'p',	34.33,	35.23,	8,	3,	1,	1),
(652,	36,	61,	'p',	33.68,	35.51,	7,	4,	1,	1),
(653,	24,	61,	'l',	39.75,	41.71,	6,	5,	1,	1),
(654,	41,	61,	'p',	40.51,	43.51,	5,	6,	1,	1),
(655,	17,	61,	'p',	44.33,	45.07,	4,	7,	1,	1),
(656,	37,	61,	'l',	44.04,	46.52,	3,	8,	1,	1),
(657,	47,	61,	'l',	53.62,	54.71,	2,	9,	1,	1),
(658,	70,	61,	'p',	35.32,	55.94,	1,	10,	1,	1),
(659,	43,	61,	'',	0.00,	1000.00,	0,	11,	1,	1),
(661,	3,	79,	'l',	23.20,	24.04,	15,	1,	1,	1),
(662,	45,	79,	'p',	24.63,	27.91,	14,	2,	1,	1),
(663,	1,	79,	'l',	26.95,	29.29,	13,	3,	1,	1),
(664,	2,	79,	'p',	25.12,	30.15,	12,	4,	1,	1),
(665,	46,	79,	'p',	26.62,	30.54,	11,	5,	1,	1),
(667,	4,	79,	'l',	29.57,	32.39,	9,	7,	1,	1),
(668,	12,	79,	'p',	27.89,	32.69,	8,	8,	1,	1),
(669,	57,	79,	'l',	31.17,	33.78,	7,	9,	1,	1),
(670,	13,	79,	'l',	33.21,	35.80,	6,	10,	1,	1),
(673,	76,	79,	'l',	46.29,	51.13,	4,	12,	1,	1),
(674,	67,	79,	'l',	38.07,	60.74,	3,	13,	1,	1),
(675,	5,	79,	'',	0.00,	1000.00,	0,	14,	1,	1),
(676,	45,	64,	'l',	25.74,	25.84,	15,	1,	1,	1),
(677,	46,	64,	'l',	24.80,	27.06,	14,	2,	1,	1),
(678,	3,	64,	'p',	26.36,	27.49,	13,	3,	1,	1),
(679,	1,	64,	'l',	26.26,	27.55,	12,	4,	1,	1),
(680,	2,	64,	'p',	24.96,	28.00,	11,	5,	1,	1),
(681,	12,	64,	'p',	27.01,	28.15,	10,	6,	1,	1),
(682,	27,	64,	'p',	29.47,	29.61,	9,	7,	1,	1),
(683,	4,	64,	'l',	29.53,	30.26,	8,	8,	1,	1),
(684,	57,	64,	'l',	29.71,	30.57,	7,	9,	1,	1),
(685,	76,	64,	'l',	30.17,	32.19,	6,	10,	1,	1),
(686,	13,	64,	'p',	32.77,	36.47,	5,	11,	1,	1),
(687,	6,	64,	'l',	51.07,	53.37,	4,	12,	1,	1),
(688,	67,	64,	'',	0.00,	1000.00,	0,	13,	1,	1),
(689,	48,	63,	'l',	27.90,	28.56,	10,	1,	1,	1),
(690,	24,	63,	'p',	24.23,	29.82,	9,	2,	1,	1),
(691,	75,	63,	'l',	29.28,	31.13,	8,	3,	1,	1),
(692,	19,	63,	'p',	32.05,	33.01,	7,	4,	1,	1),
(693,	47,	63,	'p',	32.18,	33.56,	6,	5,	1,	1),
(694,	32,	63,	'l',	31.18,	37.98,	5,	6,	1,	1),
(695,	41,	63,	'p',	36.92,	41.49,	4,	7,	1,	1),
(696,	77,	63,	'l',	52.83,	55.10,	3,	8,	1,	1),
(697,	36,	63,	'l',	50.34,	58.03,	2,	9,	1,	1),
(698,	17,	63,	'l',	51.46,	61.23,	1,	10,	1,	1),
(699,	70,	63,	'l',	61.62,	62.72,	0,	11,	1,	1),
(700,	48,	65,	'l',	27.13,	28.53,	10,	1,	1,	1),
(701,	41,	65,	'p',	30.61,	32.87,	9,	2,	1,	1),
(702,	47,	65,	'l',	34.18,	34.65,	8,	3,	1,	1),
(703,	19,	65,	'l',	31.62,	38.13,	7,	4,	1,	1),
(704,	32,	65,	'l',	30.59,	38.36,	6,	5,	1,	1),
(705,	17,	65,	'p',	38.45,	40.67,	5,	6,	1,	1),
(706,	36,	65,	'l',	42.82,	43.51,	4,	7,	1,	1),
(707,	75,	65,	'l',	37.98,	44.16,	3,	8,	1,	1),
(708,	77,	65,	'p',	40.61,	45.77,	2,	9,	1,	1),
(709,	24,	65,	'p',	44.82,	49.72,	1,	10,	1,	1),
(710,	70,	65,	'l',	50.65,	52.98,	0,	11,	1,	1),
(711,	6,	79,	'p',	43.08,	45.27,	5,	11,	1,	1),
(712,	27,	79,	'l',	28.16,	32.27,	10,	6,	1,	1);

INSERT INTO `zavody` (`id`, `id_mista`, `vystaveni_vysledku`, `id_rocniku`, `datum`, `platne_body`, `platne_casy`, `id_tercu`, `text`, `hodnoceni_soucet`, `hodnoceni_pocet`, `uri`, `zruseno`, `stare_id`, `stare_uri`, `ustream_id`, `ustream_stav`, `spolecne_startovni_poradi`) VALUES
(1,	1,	'2011-11-07 21:42:01',	1,	'2011-05-15 10:00:00',	1,	1,	1,	'',	0,	0,	'/zavody/2011-05-15-sdh-bechlin',	0,	0,	'souteze.php?akce=vysledky&soutez=0',	NULL,	'ne',	1),
(2,	2,	'2011-11-07 14:29:53',	1,	'2011-06-04 10:00:00',	1,	1,	1,	'',	0,	0,	'/zavody/2011-06-04-sdh-steti',	0,	0,	'souteze.php?akce=vysledky&soutez=0',	NULL,	'ne',	1),
(3,	3,	'2011-11-07 21:26:38',	1,	'2011-06-25 10:00:00',	1,	1,	1,	'',	0,	0,	'/zavody/2011-06-25-sdh-sulejovice',	0,	0,	'souteze.php?akce=vysledky&soutez=0',	NULL,	'ne',	1),
(4,	4,	'2011-11-10 23:02:28',	1,	'2011-07-09 10:00:00',	1,	1,	1,	'',	9,	2,	'/zavody/2011-07-09-sdh-nove-dvory',	0,	0,	'souteze.php?akce=vysledky&soutez=0',	NULL,	'ne',	1),
(5,	5,	'2011-11-07 20:59:23',	1,	'2011-07-22 10:00:00',	1,	1,	1,	'',	0,	0,	'/zavody/2011-07-22-sdh-lukavec',	0,	0,	'souteze.php?akce=vysledky&soutez=0',	NULL,	'ne',	1),
(6,	6,	'2011-11-07 21:11:09',	1,	'2011-08-20 10:00:00',	1,	1,	1,	'',	5,	1,	'/zavody/2011-08-20-sdh-predonin',	0,	0,	'souteze.php?akce=vysledky&soutez=0',	NULL,	'ne',	1),
(7,	1,	'2012-05-14 20:08:33',	2,	'2012-05-13 10:00:00',	1,	1,	1,	'',	4,	1,	'/zavody/2012-05-13-sdh-bechlin',	0,	0,	'souteze.php?akce=vysledky&soutez=0',	NULL,	'ne',	1),
(11,	2,	'2012-06-10 15:58:29',	2,	'2012-06-09 10:00:00',	1,	1,	1,	'',	5,	1,	'/zavody/2012-06-09-sdh-steti',	0,	0,	'souteze.php?akce=vysledky&soutez=0',	NULL,	'ne',	1),
(12,	7,	'2012-06-17 22:05:07',	2,	'2012-06-17 10:00:00',	1,	1,	4,	'',	10,	3,	'/zavody/2012-06-17-sdh-hrobce',	0,	0,	'souteze.php?akce=vysledky&soutez=0',	NULL,	'ne',	1),
(13,	3,	'2012-06-24 12:18:02',	2,	'2012-06-23 10:00:00',	1,	1,	1,	'',	22,	7,	'/zavody/2012-06-23-sdh-sulejovice',	0,	0,	'souteze.php?akce=vysledky&soutez=0',	NULL,	'ne',	1),
(14,	8,	'2012-06-30 20:22:39',	2,	'2012-06-30 10:00:00',	1,	1,	8,	'Prezentace družstev 9:15-9:45',	14,	4,	'/zavody/2012-06-30-sdh-dremcice',	0,	0,	'souteze.php?akce=vysledky&soutez=0',	NULL,	'ne',	1),
(15,	9,	'2012-07-06 22:09:42',	2,	'2012-07-06 10:00:00',	1,	1,	1,	'',	0,	0,	'/zavody/2012-07-06-sdh-ctineves-cernoucek',	0,	0,	'souteze.php?akce=vysledky&soutez=0',	NULL,	'ne',	1),
(16,	10,	'2012-07-08 01:47:25',	2,	'2012-07-07 10:00:00',	1,	1,	1,	'',	4,	1,	'/zavody/2012-07-07-sdh-cernuc',	0,	0,	'souteze.php?akce=vysledky&soutez=0',	NULL,	'ne',	1),
(17,	4,	'2012-07-21 17:14:30',	2,	'2012-07-21 10:00:00',	1,	1,	1,	'',	0,	0,	'/zavody/2012-07-21-sdh-nove-dvory',	0,	0,	'souteze.php?akce=vysledky&soutez=0',	NULL,	'ne',	1),
(18,	5,	'2012-07-29 23:25:05',	2,	'2012-07-28 10:00:00',	1,	1,	1,	'',	0,	0,	'/zavody/2012-07-22-sdh-lukavec',	0,	0,	'souteze.php?akce=vysledky&soutez=0',	NULL,	'ne',	1),
(19,	11,	'2012-08-12 12:33:51',	2,	'2012-08-11 10:00:00',	1,	1,	1,	'',	0,	0,	'/zavody/2012-08-11-sdh-brozany',	0,	0,	'souteze.php?akce=vysledky&soutez=0',	NULL,	'ne',	1),
(20,	6,	NULL,	2,	'2012-08-25 10:00:00',	1,	1,	1,	'',	0,	0,	'/zavody/2012-08-18-sdh-predonin',	0,	0,	'souteze.php?akce=vysledky&soutez=0',	NULL,	'ne',	1);

-- 2012-09-02 09:11:38
